State,County,County Code,Year,Deaths
CO,Adams County,8001,2003,42.0
CO,Adams County,8001,2004,46.0
CO,Adams County,8001,2005,63.0
CO,Adams County,8001,2006,62.0
CO,Adams County,8001,2007,70.0
CO,Adams County,8001,2008,50.0
CO,Adams County,8001,2009,67.0
CO,Adams County,8001,2010,53.0
CO,Adams County,8001,2011,88.0
CO,Adams County,8001,2012,91.0
CO,Adams County,8001,2013,78.0
CO,Adams County,8001,2014,88.0
CO,Adams County,8001,2015,84.0
CO,Arapahoe County,8005,2003,45.0
CO,Arapahoe County,8005,2004,65.0
CO,Arapahoe County,8005,2005,54.0
CO,Arapahoe County,8005,2006,66.0
CO,Arapahoe County,8005,2007,88.0
CO,Arapahoe County,8005,2008,90.0
CO,Arapahoe County,8005,2009,90.0
CO,Arapahoe County,8005,2010,78.0
CO,Arapahoe County,8005,2011,72.0
CO,Arapahoe County,8005,2012,78.0
CO,Arapahoe County,8005,2013,97.0
CO,Arapahoe County,8005,2014,99.0
CO,Arapahoe County,8005,2015,98.0
CO,Boulder County,8013,2003,20.0
CO,Boulder County,8013,2004,20.0
CO,Boulder County,8013,2005,26.0
CO,Boulder County,8013,2006,40.0
CO,Boulder County,8013,2007,33.0
CO,Boulder County,8013,2008,33.0
CO,Boulder County,8013,2009,44.0
CO,Boulder County,8013,2010,16.0
CO,Boulder County,8013,2011,38.0
CO,Boulder County,8013,2012,34.0
CO,Boulder County,8013,2013,54.0
CO,Boulder County,8013,2014,33.0
CO,Boulder County,8013,2015,32.0
CO,Denver County,8031,2003,107.0
CO,Denver County,8031,2004,111.0
CO,Denver County,8031,2005,140.0
CO,Denver County,8031,2006,144.0
CO,Denver County,8031,2007,148.0
CO,Denver County,8031,2008,170.0
CO,Denver County,8031,2009,160.0
CO,Denver County,8031,2010,121.0
CO,Denver County,8031,2011,163.0
CO,Denver County,8031,2012,120.0
CO,Denver County,8031,2013,116.0
CO,Denver County,8031,2014,130.0
CO,Denver County,8031,2015,107.0
CO,Douglas County,8035,2005,11.0
CO,Douglas County,8035,2006,19.0
CO,Douglas County,8035,2007,11.0
CO,Douglas County,8035,2009,20.0
CO,Douglas County,8035,2010,14.0
CO,Douglas County,8035,2011,28.0
CO,Douglas County,8035,2012,20.0
CO,Douglas County,8035,2013,27.0
CO,Douglas County,8035,2014,15.0
CO,Douglas County,8035,2015,18.0
CO,El Paso County,8041,2003,53.0
CO,El Paso County,8041,2004,60.0
CO,El Paso County,8041,2005,83.0
CO,El Paso County,8041,2006,68.0
CO,El Paso County,8041,2007,74.0
CO,El Paso County,8041,2008,88.0
CO,El Paso County,8041,2009,80.0
CO,El Paso County,8041,2010,77.0
CO,El Paso County,8041,2011,94.0
CO,El Paso County,8041,2012,96.0
CO,El Paso County,8041,2013,107.0
CO,El Paso County,8041,2014,132.0
CO,El Paso County,8041,2015,143.0
CO,Jefferson County,8059,2003,50.0
CO,Jefferson County,8059,2004,40.0
CO,Jefferson County,8059,2005,28.0
CO,Jefferson County,8059,2006,22.0
CO,Jefferson County,8059,2007,70.0
CO,Jefferson County,8059,2008,62.0
CO,Jefferson County,8059,2009,44.0
CO,Jefferson County,8059,2010,55.0
CO,Jefferson County,8059,2011,72.0
CO,Jefferson County,8059,2012,75.0
CO,Jefferson County,8059,2013,75.0
CO,Jefferson County,8059,2014,80.0
CO,Jefferson County,8059,2015,85.0
CO,Larimer County,8069,2003,23.0
CO,Larimer County,8069,2004,28.0
CO,Larimer County,8069,2005,12.0
CO,Larimer County,8069,2006,35.0
CO,Larimer County,8069,2007,30.0
CO,Larimer County,8069,2008,32.0
CO,Larimer County,8069,2009,30.0
CO,Larimer County,8069,2010,32.0
CO,Larimer County,8069,2011,43.0
CO,Larimer County,8069,2012,31.0
CO,Larimer County,8069,2013,58.0
CO,Larimer County,8069,2014,54.0
CO,Larimer County,8069,2015,40.0
CO,Las Animas County,8071,2015,11.0
CO,Mesa County,8077,2008,10.0
CO,Mesa County,8077,2009,14.0
CO,Mesa County,8077,2010,11.0
CO,Mesa County,8077,2011,25.0
CO,Mesa County,8077,2012,14.0
CO,Mesa County,8077,2013,14.0
CO,Mesa County,8077,2014,17.0
CO,Mesa County,8077,2015,26.0
CO,Pueblo County,8101,2003,10.0
CO,Pueblo County,8101,2005,21.0
CO,Pueblo County,8101,2006,25.0
CO,Pueblo County,8101,2007,11.0
CO,Pueblo County,8101,2008,15.0
CO,Pueblo County,8101,2009,14.0
CO,Pueblo County,8101,2010,22.0
CO,Pueblo County,8101,2011,20.0
CO,Pueblo County,8101,2012,34.0
CO,Pueblo County,8101,2013,33.0
CO,Pueblo County,8101,2014,37.0
CO,Pueblo County,8101,2015,44.0
CO,Weld County,8123,2003,11.0
CO,Weld County,8123,2007,21.0
CO,Weld County,8123,2008,15.0
CO,Weld County,8123,2009,18.0
CO,Weld County,8123,2010,18.0
CO,Weld County,8123,2011,31.0
CO,Weld County,8123,2012,19.0
CO,Weld County,8123,2013,20.0
CO,Weld County,8123,2014,29.0
CO,Weld County,8123,2015,39.0
FL,Alachua County,12001,2003,11.0
FL,Alachua County,12001,2007,17.0
FL,Alachua County,12001,2009,15.0
FL,Alachua County,12001,2010,15.0
FL,Alachua County,12001,2011,14.0
FL,Alachua County,12001,2012,14.0
FL,Alachua County,12001,2013,12.0
FL,Alachua County,12001,2014,19.0
FL,Alachua County,12001,2015,23.0
FL,Bay County,12005,2003,21.0
FL,Bay County,12005,2004,18.0
FL,Bay County,12005,2005,17.0
FL,Bay County,12005,2006,21.0
FL,Bay County,12005,2007,30.0
FL,Bay County,12005,2008,23.0
FL,Bay County,12005,2009,18.0
FL,Bay County,12005,2010,22.0
FL,Bay County,12005,2012,15.0
FL,Bay County,12005,2013,19.0
FL,Bay County,12005,2014,22.0
FL,Bay County,12005,2015,25.0
FL,Brevard County,12009,2003,97.0
FL,Brevard County,12009,2004,111.0
FL,Brevard County,12009,2005,119.0
FL,Brevard County,12009,2006,107.0
FL,Brevard County,12009,2007,104.0
FL,Brevard County,12009,2008,121.0
FL,Brevard County,12009,2009,135.0
FL,Brevard County,12009,2010,135.0
FL,Brevard County,12009,2011,123.0
FL,Brevard County,12009,2012,113.0
FL,Brevard County,12009,2013,106.0
FL,Brevard County,12009,2014,111.0
FL,Brevard County,12009,2015,155.0
FL,Broward County,12011,2003,230.0
FL,Broward County,12011,2004,272.0
FL,Broward County,12011,2005,277.0
FL,Broward County,12011,2006,258.0
FL,Broward County,12011,2007,262.0
FL,Broward County,12011,2008,313.0
FL,Broward County,12011,2009,305.0
FL,Broward County,12011,2010,262.0
FL,Broward County,12011,2011,233.0
FL,Broward County,12011,2012,228.0
FL,Broward County,12011,2013,199.0
FL,Broward County,12011,2014,220.0
FL,Broward County,12011,2015,279.0
FL,Charlotte County,12015,2004,17.0
FL,Charlotte County,12015,2005,11.0
FL,Charlotte County,12015,2011,10.0
FL,Charlotte County,12015,2014,12.0
FL,Charlotte County,12015,2015,11.0
FL,Citrus County,12017,2003,16.0
FL,Citrus County,12017,2004,12.0
FL,Citrus County,12017,2005,14.0
FL,Citrus County,12017,2006,23.0
FL,Citrus County,12017,2007,17.0
FL,Citrus County,12017,2008,25.0
FL,Citrus County,12017,2009,19.0
FL,Citrus County,12017,2010,27.0
FL,Citrus County,12017,2011,29.0
FL,Citrus County,12017,2012,37.0
FL,Citrus County,12017,2013,24.0
FL,Citrus County,12017,2014,24.0
FL,Citrus County,12017,2015,25.0
FL,Clay County,12019,2003,16.0
FL,Clay County,12019,2004,22.0
FL,Clay County,12019,2005,14.0
FL,Clay County,12019,2006,15.0
FL,Clay County,12019,2007,26.0
FL,Clay County,12019,2008,19.0
FL,Clay County,12019,2009,29.0
FL,Clay County,12019,2010,20.0
FL,Clay County,12019,2011,23.0
FL,Clay County,12019,2012,28.0
FL,Clay County,12019,2013,31.0
FL,Clay County,12019,2014,26.0
FL,Clay County,12019,2015,41.0
FL,Collier County,12021,2003,29.0
FL,Collier County,12021,2004,29.0
FL,Collier County,12021,2005,43.0
FL,Collier County,12021,2006,43.0
FL,Collier County,12021,2007,38.0
FL,Collier County,12021,2008,63.0
FL,Collier County,12021,2009,54.0
FL,Collier County,12021,2010,36.0
FL,Collier County,12021,2011,41.0
FL,Collier County,12021,2012,31.0
FL,Collier County,12021,2013,29.0
FL,Collier County,12021,2014,41.0
FL,Collier County,12021,2015,48.0
FL,Columbia County,12023,2005,10.0
FL,Columbia County,12023,2008,10.0
FL,Columbia County,12023,2010,17.0
FL,Columbia County,12023,2012,16.0
FL,Columbia County,12023,2013,11.0
FL,Columbia County,12023,2014,11.0
FL,Columbia County,12023,2015,10.0
FL,Duval County,12031,2003,127.0
FL,Duval County,12031,2004,109.0
FL,Duval County,12031,2005,102.0
FL,Duval County,12031,2006,146.0
FL,Duval County,12031,2007,140.0
FL,Duval County,12031,2008,108.0
FL,Duval County,12031,2009,137.0
FL,Duval County,12031,2010,146.0
FL,Duval County,12031,2011,147.0
FL,Duval County,12031,2012,165.0
FL,Duval County,12031,2013,142.0
FL,Duval County,12031,2014,146.0
FL,Duval County,12031,2015,169.0
FL,Escambia County,12033,2003,27.0
FL,Escambia County,12033,2004,33.0
FL,Escambia County,12033,2005,32.0
FL,Escambia County,12033,2006,45.0
FL,Escambia County,12033,2007,31.0
FL,Escambia County,12033,2008,28.0
FL,Escambia County,12033,2009,16.0
FL,Escambia County,12033,2010,25.0
FL,Escambia County,12033,2011,29.0
FL,Escambia County,12033,2012,25.0
FL,Escambia County,12033,2013,17.0
FL,Escambia County,12033,2014,35.0
FL,Escambia County,12033,2015,51.0
FL,Flagler County,12035,2011,16.0
FL,Flagler County,12035,2015,11.0
FL,Hernando County,12053,2003,15.0
FL,Hernando County,12053,2004,14.0
FL,Hernando County,12053,2005,19.0
FL,Hernando County,12053,2006,25.0
FL,Hernando County,12053,2007,36.0
FL,Hernando County,12053,2008,45.0
FL,Hernando County,12053,2009,43.0
FL,Hernando County,12053,2010,50.0
FL,Hernando County,12053,2011,33.0
FL,Hernando County,12053,2012,25.0
FL,Hernando County,12053,2013,38.0
FL,Hernando County,12053,2014,25.0
FL,Hernando County,12053,2015,27.0
FL,Highlands County,12055,2003,10.0
FL,Highlands County,12055,2011,17.0
FL,Highlands County,12055,2012,11.0
FL,Highlands County,12055,2013,17.0
FL,Highlands County,12055,2014,13.0
FL,Hillsborough County,12057,2003,126.0
FL,Hillsborough County,12057,2004,146.0
FL,Hillsborough County,12057,2005,162.0
FL,Hillsborough County,12057,2006,185.0
FL,Hillsborough County,12057,2007,257.0
FL,Hillsborough County,12057,2008,244.0
FL,Hillsborough County,12057,2009,270.0
FL,Hillsborough County,12057,2010,259.0
FL,Hillsborough County,12057,2011,242.0
FL,Hillsborough County,12057,2012,185.0
FL,Hillsborough County,12057,2013,163.0
FL,Hillsborough County,12057,2014,163.0
FL,Hillsborough County,12057,2015,176.0
FL,Indian River County,12061,2003,10.0
FL,Indian River County,12061,2004,10.0
FL,Indian River County,12061,2005,15.0
FL,Indian River County,12061,2006,23.0
FL,Indian River County,12061,2007,22.0
FL,Indian River County,12061,2008,29.0
FL,Indian River County,12061,2009,31.0
FL,Indian River County,12061,2010,18.0
FL,Indian River County,12061,2011,25.0
FL,Indian River County,12061,2012,17.0
FL,Indian River County,12061,2013,11.0
FL,Indian River County,12061,2014,22.0
FL,Indian River County,12061,2015,17.0
FL,Lake County,12069,2003,17.0
FL,Lake County,12069,2004,10.0
FL,Lake County,12069,2005,18.0
FL,Lake County,12069,2006,16.0
FL,Lake County,12069,2007,20.0
FL,Lake County,12069,2008,24.0
FL,Lake County,12069,2009,32.0
FL,Lake County,12069,2010,34.0
FL,Lake County,12069,2011,38.0
FL,Lake County,12069,2012,26.0
FL,Lake County,12069,2013,22.0
FL,Lake County,12069,2014,40.0
FL,Lake County,12069,2015,48.0
FL,Lee County,12071,2003,77.0
FL,Lee County,12071,2004,98.0
FL,Lee County,12071,2005,81.0
FL,Lee County,12071,2006,98.0
FL,Lee County,12071,2007,98.0
FL,Lee County,12071,2008,95.0
FL,Lee County,12071,2009,93.0
FL,Lee County,12071,2010,106.0
FL,Lee County,12071,2011,96.0
FL,Lee County,12071,2012,67.0
FL,Lee County,12071,2013,60.0
FL,Lee County,12071,2014,86.0
FL,Lee County,12071,2015,102.0
FL,Leon County,12073,2003,11.0
FL,Leon County,12073,2005,16.0
FL,Leon County,12073,2007,13.0
FL,Leon County,12073,2008,14.0
FL,Leon County,12073,2011,13.0
FL,Leon County,12073,2013,11.0
FL,Leon County,12073,2014,18.0
FL,Leon County,12073,2015,14.0
FL,Levy County,12075,2012,13.0
FL,Manatee County,12081,2003,42.0
FL,Manatee County,12081,2004,46.0
FL,Manatee County,12081,2005,43.0
FL,Manatee County,12081,2006,54.0
FL,Manatee County,12081,2007,46.0
FL,Manatee County,12081,2008,45.0
FL,Manatee County,12081,2009,74.0
FL,Manatee County,12081,2010,76.0
FL,Manatee County,12081,2011,73.0
FL,Manatee County,12081,2012,40.0
FL,Manatee County,12081,2013,69.0
FL,Manatee County,12081,2014,91.0
FL,Manatee County,12081,2015,148.0
FL,Marion County,12083,2003,43.0
FL,Marion County,12083,2004,18.0
FL,Marion County,12083,2005,28.0
FL,Marion County,12083,2006,55.0
FL,Marion County,12083,2007,30.0
FL,Marion County,12083,2008,38.0
FL,Marion County,12083,2009,53.0
FL,Marion County,12083,2010,51.0
FL,Marion County,12083,2011,46.0
FL,Marion County,12083,2012,44.0
FL,Marion County,12083,2013,45.0
FL,Marion County,12083,2014,57.0
FL,Marion County,12083,2015,42.0
FL,Martin County,12085,2003,15.0
FL,Martin County,12085,2004,16.0
FL,Martin County,12085,2005,25.0
FL,Martin County,12085,2006,17.0
FL,Martin County,12085,2007,27.0
FL,Martin County,12085,2008,22.0
FL,Martin County,12085,2009,24.0
FL,Martin County,12085,2010,20.0
FL,Martin County,12085,2011,22.0
FL,Martin County,12085,2012,17.0
FL,Martin County,12085,2013,18.0
FL,Martin County,12085,2014,16.0
FL,Martin County,12085,2015,23.0
FL,Miami-Dade County,12086,2003,94.0
FL,Miami-Dade County,12086,2004,123.0
FL,Miami-Dade County,12086,2005,124.0
FL,Miami-Dade County,12086,2006,142.0
FL,Miami-Dade County,12086,2007,149.0
FL,Miami-Dade County,12086,2008,149.0
FL,Miami-Dade County,12086,2009,155.0
FL,Miami-Dade County,12086,2010,98.0
FL,Miami-Dade County,12086,2011,122.0
FL,Miami-Dade County,12086,2012,135.0
FL,Miami-Dade County,12086,2013,110.0
FL,Miami-Dade County,12086,2014,139.0
FL,Miami-Dade County,12086,2015,202.0
FL,Monroe County,12087,2003,17.0
FL,Monroe County,12087,2004,14.0
FL,Monroe County,12087,2006,15.0
FL,Monroe County,12087,2007,17.0
FL,Monroe County,12087,2008,18.0
FL,Monroe County,12087,2010,16.0
FL,Monroe County,12087,2011,20.0
FL,Monroe County,12087,2014,10.0
FL,Monroe County,12087,2015,19.0
FL,Nassau County,12089,2004,13.0
FL,Nassau County,12089,2005,17.0
FL,Nassau County,12089,2007,10.0
FL,Nassau County,12089,2008,17.0
FL,Nassau County,12089,2009,10.0
FL,Nassau County,12089,2010,14.0
FL,Nassau County,12089,2011,13.0
FL,Nassau County,12089,2012,16.0
FL,Nassau County,12089,2013,14.0
FL,Okaloosa County,12091,2003,20.0
FL,Okaloosa County,12091,2004,22.0
FL,Okaloosa County,12091,2005,21.0
FL,Okaloosa County,12091,2006,27.0
FL,Okaloosa County,12091,2007,29.0
FL,Okaloosa County,12091,2008,16.0
FL,Okaloosa County,12091,2009,16.0
FL,Okaloosa County,12091,2010,13.0
FL,Okaloosa County,12091,2011,16.0
FL,Okaloosa County,12091,2012,14.0
FL,Okaloosa County,12091,2014,17.0
FL,Okaloosa County,12091,2015,39.0
FL,Okeechobee County,12093,2008,11.0
FL,Okeechobee County,12093,2011,10.0
FL,Okeechobee County,12093,2012,10.0
FL,Okeechobee County,12093,2015,10.0
FL,Orange County,12095,2003,83.0
FL,Orange County,12095,2004,97.0
FL,Orange County,12095,2005,90.0
FL,Orange County,12095,2006,108.0
FL,Orange County,12095,2007,110.0
FL,Orange County,12095,2008,120.0
FL,Orange County,12095,2009,120.0
FL,Orange County,12095,2010,149.0
FL,Orange County,12095,2011,148.0
FL,Orange County,12095,2012,131.0
FL,Orange County,12095,2013,122.0
FL,Orange County,12095,2014,177.0
FL,Orange County,12095,2015,195.0
FL,Osceola County,12097,2003,12.0
FL,Osceola County,12097,2004,13.0
FL,Osceola County,12097,2005,16.0
FL,Osceola County,12097,2006,13.0
FL,Osceola County,12097,2007,26.0
FL,Osceola County,12097,2008,18.0
FL,Osceola County,12097,2009,15.0
FL,Osceola County,12097,2010,22.0
FL,Osceola County,12097,2011,35.0
FL,Osceola County,12097,2012,29.0
FL,Osceola County,12097,2013,27.0
FL,Osceola County,12097,2014,36.0
FL,Osceola County,12097,2015,37.0
FL,Palm Beach County,12099,2003,199.0
FL,Palm Beach County,12099,2004,196.0
FL,Palm Beach County,12099,2005,229.0
FL,Palm Beach County,12099,2006,211.0
FL,Palm Beach County,12099,2007,262.0
FL,Palm Beach County,12099,2008,271.0
FL,Palm Beach County,12099,2009,276.0
FL,Palm Beach County,12099,2010,230.0
FL,Palm Beach County,12099,2011,203.0
FL,Palm Beach County,12099,2012,185.0
FL,Palm Beach County,12099,2013,233.0
FL,Palm Beach County,12099,2014,236.0
FL,Palm Beach County,12099,2015,317.0
FL,Pasco County,12101,2003,62.0
FL,Pasco County,12101,2004,83.0
FL,Pasco County,12101,2005,84.0
FL,Pasco County,12101,2006,101.0
FL,Pasco County,12101,2007,125.0
FL,Pasco County,12101,2008,147.0
FL,Pasco County,12101,2009,166.0
FL,Pasco County,12101,2010,173.0
FL,Pasco County,12101,2011,147.0
FL,Pasco County,12101,2012,109.0
FL,Pasco County,12101,2013,99.0
FL,Pasco County,12101,2014,105.0
FL,Pasco County,12101,2015,113.0
FL,Pinellas County,12103,2003,135.0
FL,Pinellas County,12103,2004,182.0
FL,Pinellas County,12103,2005,176.0
FL,Pinellas County,12103,2006,213.0
FL,Pinellas County,12103,2007,235.0
FL,Pinellas County,12103,2008,264.0
FL,Pinellas County,12103,2009,265.0
FL,Pinellas County,12103,2010,284.0
FL,Pinellas County,12103,2011,244.0
FL,Pinellas County,12103,2012,221.0
FL,Pinellas County,12103,2013,176.0
FL,Pinellas County,12103,2014,190.0
FL,Pinellas County,12103,2015,190.0
FL,Polk County,12105,2003,42.0
FL,Polk County,12105,2004,62.0
FL,Polk County,12105,2005,60.0
FL,Polk County,12105,2006,67.0
FL,Polk County,12105,2007,82.0
FL,Polk County,12105,2008,95.0
FL,Polk County,12105,2009,103.0
FL,Polk County,12105,2010,86.0
FL,Polk County,12105,2011,112.0
FL,Polk County,12105,2012,84.0
FL,Polk County,12105,2013,88.0
FL,Polk County,12105,2014,93.0
FL,Polk County,12105,2015,96.0
FL,Putnam County,12107,2004,10.0
FL,Putnam County,12107,2010,21.0
FL,Putnam County,12107,2011,17.0
FL,Santa Rosa County,12113,2003,21.0
FL,Santa Rosa County,12113,2004,18.0
FL,Santa Rosa County,12113,2005,22.0
FL,Santa Rosa County,12113,2006,28.0
FL,Santa Rosa County,12113,2007,20.0
FL,Santa Rosa County,12113,2008,21.0
FL,Santa Rosa County,12113,2009,11.0
FL,Santa Rosa County,12113,2010,17.0
FL,Santa Rosa County,12113,2011,18.0
FL,Santa Rosa County,12113,2012,10.0
FL,Santa Rosa County,12113,2013,11.0
FL,Santa Rosa County,12113,2014,13.0
FL,Santa Rosa County,12113,2015,22.0
FL,Sarasota County,12115,2003,62.0
FL,Sarasota County,12115,2004,59.0
FL,Sarasota County,12115,2005,60.0
FL,Sarasota County,12115,2006,76.0
FL,Sarasota County,12115,2007,76.0
FL,Sarasota County,12115,2008,71.0
FL,Sarasota County,12115,2009,75.0
FL,Sarasota County,12115,2010,83.0
FL,Sarasota County,12115,2011,84.0
FL,Sarasota County,12115,2012,71.0
FL,Sarasota County,12115,2013,67.0
FL,Sarasota County,12115,2014,54.0
FL,Sarasota County,12115,2015,96.0
FL,Seminole County,12117,2003,33.0
FL,Seminole County,12117,2004,23.0
FL,Seminole County,12117,2005,41.0
FL,Seminole County,12117,2006,47.0
FL,Seminole County,12117,2007,49.0
FL,Seminole County,12117,2008,41.0
FL,Seminole County,12117,2009,72.0
FL,Seminole County,12117,2010,61.0
FL,Seminole County,12117,2011,60.0
FL,Seminole County,12117,2012,40.0
FL,Seminole County,12117,2013,45.0
FL,Seminole County,12117,2014,49.0
FL,Seminole County,12117,2015,63.0
FL,St. Johns County,12109,2004,10.0
FL,St. Johns County,12109,2007,13.0
FL,St. Johns County,12109,2009,11.0
FL,St. Johns County,12109,2010,15.0
FL,St. Johns County,12109,2011,19.0
FL,St. Johns County,12109,2012,13.0
FL,St. Johns County,12109,2013,11.0
FL,St. Johns County,12109,2014,17.0
FL,St. Johns County,12109,2015,17.0
FL,St. Lucie County,12111,2003,21.0
FL,St. Lucie County,12111,2004,27.0
FL,St. Lucie County,12111,2005,25.0
FL,St. Lucie County,12111,2006,28.0
FL,St. Lucie County,12111,2007,46.0
FL,St. Lucie County,12111,2008,34.0
FL,St. Lucie County,12111,2009,46.0
FL,St. Lucie County,12111,2010,43.0
FL,St. Lucie County,12111,2011,40.0
FL,St. Lucie County,12111,2012,29.0
FL,St. Lucie County,12111,2013,33.0
FL,St. Lucie County,12111,2014,39.0
FL,St. Lucie County,12111,2015,51.0
FL,Sumter County,12119,2015,12.0
FL,Volusia County,12127,2003,48.0
FL,Volusia County,12127,2004,74.0
FL,Volusia County,12127,2005,85.0
FL,Volusia County,12127,2006,80.0
FL,Volusia County,12127,2007,71.0
FL,Volusia County,12127,2008,101.0
FL,Volusia County,12127,2009,106.0
FL,Volusia County,12127,2010,104.0
FL,Volusia County,12127,2011,89.0
FL,Volusia County,12127,2012,85.0
FL,Volusia County,12127,2013,100.0
FL,Volusia County,12127,2014,75.0
FL,Volusia County,12127,2015,98.0
FL,Walton County,12131,2005,10.0
FL,Walton County,12131,2006,16.0
FL,Walton County,12131,2007,12.0
GA,Barrow County,13013,2006,10.0
GA,Barrow County,13013,2008,10.0
GA,Barrow County,13013,2010,12.0
GA,Barrow County,13013,2012,10.0
GA,Barrow County,13013,2014,11.0
GA,Bartow County,13015,2004,13.0
GA,Bartow County,13015,2008,14.0
GA,Bartow County,13015,2010,20.0
GA,Bartow County,13015,2011,17.0
GA,Bartow County,13015,2012,13.0
GA,Bartow County,13015,2014,16.0
GA,Bartow County,13015,2015,18.0
GA,Bibb County,13021,2003,13.0
GA,Bibb County,13021,2004,11.0
GA,Bibb County,13021,2005,24.0
GA,Bibb County,13021,2007,12.0
GA,Bibb County,13021,2008,14.0
GA,Bibb County,13021,2009,12.0
GA,Bibb County,13021,2010,12.0
GA,Bibb County,13021,2011,17.0
GA,Bibb County,13021,2012,10.0
GA,Bibb County,13021,2013,14.0
GA,Bibb County,13021,2014,11.0
GA,Bibb County,13021,2015,14.0
GA,Camden County,13039,2011,10.0
GA,Carroll County,13045,2004,14.0
GA,Carroll County,13045,2005,16.0
GA,Carroll County,13045,2006,14.0
GA,Carroll County,13045,2007,22.0
GA,Carroll County,13045,2008,24.0
GA,Carroll County,13045,2009,26.0
GA,Carroll County,13045,2010,17.0
GA,Carroll County,13045,2011,22.0
GA,Carroll County,13045,2012,13.0
GA,Carroll County,13045,2013,16.0
GA,Carroll County,13045,2014,17.0
GA,Carroll County,13045,2015,18.0
GA,Catoosa County,13047,2004,11.0
GA,Catoosa County,13047,2005,11.0
GA,Catoosa County,13047,2006,10.0
GA,Catoosa County,13047,2008,11.0
GA,Catoosa County,13047,2011,10.0
GA,Catoosa County,13047,2012,20.0
GA,Catoosa County,13047,2014,12.0
GA,Catoosa County,13047,2015,12.0
GA,Chatham County,13051,2004,22.0
GA,Chatham County,13051,2005,11.0
GA,Chatham County,13051,2006,18.0
GA,Chatham County,13051,2007,26.0
GA,Chatham County,13051,2008,17.0
GA,Chatham County,13051,2009,16.0
GA,Chatham County,13051,2010,23.0
GA,Chatham County,13051,2011,22.0
GA,Chatham County,13051,2012,23.0
GA,Chatham County,13051,2013,28.0
GA,Chatham County,13051,2014,21.0
GA,Chatham County,13051,2015,24.0
GA,Cherokee County,13057,2003,13.0
GA,Cherokee County,13057,2004,10.0
GA,Cherokee County,13057,2005,17.0
GA,Cherokee County,13057,2006,12.0
GA,Cherokee County,13057,2007,22.0
GA,Cherokee County,13057,2008,16.0
GA,Cherokee County,13057,2009,20.0
GA,Cherokee County,13057,2010,26.0
GA,Cherokee County,13057,2011,19.0
GA,Cherokee County,13057,2012,20.0
GA,Cherokee County,13057,2013,28.0
GA,Cherokee County,13057,2014,35.0
GA,Cherokee County,13057,2015,50.0
GA,Clarke County,13059,2011,13.0
GA,Clarke County,13059,2012,12.0
GA,Clarke County,13059,2015,10.0
GA,Clayton County,13063,2003,18.0
GA,Clayton County,13063,2004,18.0
GA,Clayton County,13063,2005,17.0
GA,Clayton County,13063,2006,18.0
GA,Clayton County,13063,2007,19.0
GA,Clayton County,13063,2008,13.0
GA,Clayton County,13063,2009,19.0
GA,Clayton County,13063,2010,19.0
GA,Clayton County,13063,2011,20.0
GA,Clayton County,13063,2012,30.0
GA,Clayton County,13063,2013,16.0
GA,Clayton County,13063,2014,16.0
GA,Clayton County,13063,2015,22.0
GA,Cobb County,13067,2003,34.0
GA,Cobb County,13067,2004,44.0
GA,Cobb County,13067,2005,40.0
GA,Cobb County,13067,2006,49.0
GA,Cobb County,13067,2007,45.0
GA,Cobb County,13067,2008,60.0
GA,Cobb County,13067,2009,71.0
GA,Cobb County,13067,2010,50.0
GA,Cobb County,13067,2011,65.0
GA,Cobb County,13067,2012,77.0
GA,Cobb County,13067,2013,104.0
GA,Cobb County,13067,2014,119.0
GA,Cobb County,13067,2015,100.0
GA,Columbia County,13073,2005,14.0
GA,Columbia County,13073,2010,15.0
GA,Columbia County,13073,2012,12.0
GA,Columbia County,13073,2013,11.0
GA,Columbia County,13073,2014,14.0
GA,Columbia County,13073,2015,16.0
GA,Coweta County,13077,2004,10.0
GA,Coweta County,13077,2005,11.0
GA,Coweta County,13077,2007,11.0
GA,Coweta County,13077,2008,10.0
GA,Coweta County,13077,2009,16.0
GA,Coweta County,13077,2011,12.0
GA,Coweta County,13077,2012,17.0
GA,Coweta County,13077,2014,12.0
GA,Coweta County,13077,2015,13.0
GA,DeKalb County,13089,2003,25.0
GA,DeKalb County,13089,2004,25.0
GA,DeKalb County,13089,2005,22.0
GA,DeKalb County,13089,2006,29.0
GA,DeKalb County,13089,2007,39.0
GA,DeKalb County,13089,2008,33.0
GA,DeKalb County,13089,2009,28.0
GA,DeKalb County,13089,2010,40.0
GA,DeKalb County,13089,2011,44.0
GA,DeKalb County,13089,2012,40.0
GA,DeKalb County,13089,2013,34.0
GA,DeKalb County,13089,2014,50.0
GA,DeKalb County,13089,2015,65.0
GA,Dougherty County,13095,2012,10.0
GA,Douglas County,13097,2006,14.0
GA,Douglas County,13097,2008,10.0
GA,Douglas County,13097,2010,10.0
GA,Douglas County,13097,2011,14.0
GA,Douglas County,13097,2012,10.0
GA,Douglas County,13097,2013,10.0
GA,Douglas County,13097,2014,22.0
GA,Douglas County,13097,2015,17.0
GA,Fannin County,13111,2010,10.0
GA,Fannin County,13111,2013,10.0
GA,Fayette County,13113,2009,13.0
GA,Fayette County,13113,2011,10.0
GA,Fayette County,13113,2014,12.0
GA,Fayette County,13113,2015,11.0
GA,Floyd County,13115,2005,17.0
GA,Floyd County,13115,2006,15.0
GA,Floyd County,13115,2007,14.0
GA,Floyd County,13115,2008,13.0
GA,Floyd County,13115,2010,17.0
GA,Floyd County,13115,2011,11.0
GA,Floyd County,13115,2012,14.0
GA,Floyd County,13115,2013,16.0
GA,Floyd County,13115,2015,10.0
GA,Forsyth County,13117,2007,15.0
GA,Forsyth County,13117,2008,13.0
GA,Forsyth County,13117,2009,13.0
GA,Forsyth County,13117,2010,13.0
GA,Forsyth County,13117,2011,25.0
GA,Forsyth County,13117,2012,13.0
GA,Forsyth County,13117,2013,18.0
GA,Forsyth County,13117,2014,28.0
GA,Forsyth County,13117,2015,32.0
GA,Fulton County,13121,2003,62.0
GA,Fulton County,13121,2004,67.0
GA,Fulton County,13121,2005,91.0
GA,Fulton County,13121,2006,75.0
GA,Fulton County,13121,2007,91.0
GA,Fulton County,13121,2008,113.0
GA,Fulton County,13121,2009,78.0
GA,Fulton County,13121,2010,109.0
GA,Fulton County,13121,2011,95.0
GA,Fulton County,13121,2012,92.0
GA,Fulton County,13121,2013,118.0
GA,Fulton County,13121,2014,136.0
GA,Fulton County,13121,2015,139.0
GA,Glynn County,13127,2006,13.0
GA,Glynn County,13127,2007,13.0
GA,Glynn County,13127,2008,12.0
GA,Glynn County,13127,2009,10.0
GA,Glynn County,13127,2012,11.0
GA,Glynn County,13127,2013,17.0
GA,Gordon County,13129,2009,12.0
GA,Gordon County,13129,2011,11.0
GA,Gwinnett County,13135,2003,21.0
GA,Gwinnett County,13135,2004,21.0
GA,Gwinnett County,13135,2005,25.0
GA,Gwinnett County,13135,2006,43.0
GA,Gwinnett County,13135,2007,32.0
GA,Gwinnett County,13135,2008,44.0
GA,Gwinnett County,13135,2009,50.0
GA,Gwinnett County,13135,2010,54.0
GA,Gwinnett County,13135,2011,45.0
GA,Gwinnett County,13135,2012,47.0
GA,Gwinnett County,13135,2013,50.0
GA,Gwinnett County,13135,2014,59.0
GA,Gwinnett County,13135,2015,102.0
GA,Hall County,13139,2004,14.0
GA,Hall County,13139,2005,10.0
GA,Hall County,13139,2006,12.0
GA,Hall County,13139,2007,12.0
GA,Hall County,13139,2008,14.0
GA,Hall County,13139,2009,14.0
GA,Hall County,13139,2010,22.0
GA,Hall County,13139,2011,23.0
GA,Hall County,13139,2012,21.0
GA,Hall County,13139,2013,20.0
GA,Hall County,13139,2014,22.0
GA,Hall County,13139,2015,19.0
GA,Haralson County,13143,2007,13.0
GA,Haralson County,13143,2009,11.0
GA,Haralson County,13143,2010,14.0
GA,Henry County,13151,2005,11.0
GA,Henry County,13151,2006,17.0
GA,Henry County,13151,2007,10.0
GA,Henry County,13151,2008,19.0
GA,Henry County,13151,2009,27.0
GA,Henry County,13151,2010,21.0
GA,Henry County,13151,2011,26.0
GA,Henry County,13151,2012,16.0
GA,Henry County,13151,2013,21.0
GA,Henry County,13151,2014,25.0
GA,Henry County,13151,2015,25.0
GA,Jackson County,13157,2004,12.0
GA,Jackson County,13157,2009,11.0
GA,Jackson County,13157,2011,10.0
GA,Jackson County,13157,2012,11.0
GA,Jackson County,13157,2013,12.0
GA,Jackson County,13157,2015,15.0
GA,Madison County,13195,2014,12.0
GA,Murray County,13213,2008,11.0
GA,Murray County,13213,2010,10.0
GA,Murray County,13213,2011,15.0
GA,Murray County,13213,2012,10.0
GA,Murray County,13213,2013,10.0
GA,Murray County,13213,2014,10.0
GA,Muscogee County,13215,2003,13.0
GA,Muscogee County,13215,2008,11.0
GA,Muscogee County,13215,2009,14.0
GA,Muscogee County,13215,2010,23.0
GA,Muscogee County,13215,2011,21.0
GA,Muscogee County,13215,2012,21.0
GA,Muscogee County,13215,2013,11.0
GA,Muscogee County,13215,2014,21.0
GA,Muscogee County,13215,2015,14.0
GA,Newton County,13217,2007,10.0
GA,Newton County,13217,2009,13.0
GA,Newton County,13217,2011,10.0
GA,Newton County,13217,2013,10.0
GA,Newton County,13217,2015,12.0
GA,Paulding County,13223,2004,12.0
GA,Paulding County,13223,2006,18.0
GA,Paulding County,13223,2007,20.0
GA,Paulding County,13223,2008,18.0
GA,Paulding County,13223,2009,22.0
GA,Paulding County,13223,2010,31.0
GA,Paulding County,13223,2011,19.0
GA,Paulding County,13223,2012,19.0
GA,Paulding County,13223,2013,13.0
GA,Paulding County,13223,2014,27.0
GA,Paulding County,13223,2015,24.0
GA,Polk County,13233,2010,11.0
GA,Richmond County,13245,2003,14.0
GA,Richmond County,13245,2004,16.0
GA,Richmond County,13245,2005,10.0
GA,Richmond County,13245,2006,23.0
GA,Richmond County,13245,2007,13.0
GA,Richmond County,13245,2008,16.0
GA,Richmond County,13245,2009,19.0
GA,Richmond County,13245,2010,29.0
GA,Richmond County,13245,2011,21.0
GA,Richmond County,13245,2012,28.0
GA,Richmond County,13245,2013,15.0
GA,Richmond County,13245,2014,23.0
GA,Richmond County,13245,2015,39.0
GA,Rockdale County,13247,2003,11.0
GA,Rockdale County,13247,2006,10.0
GA,Rockdale County,13247,2007,10.0
GA,Rockdale County,13247,2012,10.0
GA,Rockdale County,13247,2013,10.0
GA,Rockdale County,13247,2014,10.0
GA,Rockdale County,13247,2015,10.0
GA,Spalding County,13255,2004,11.0
GA,Spalding County,13255,2012,15.0
GA,Spalding County,13255,2015,14.0
GA,Troup County,13285,2011,13.0
GA,Troup County,13285,2014,10.0
GA,Troup County,13285,2015,10.0
GA,Walker County,13295,2005,13.0
GA,Walker County,13295,2007,10.0
GA,Walker County,13295,2009,11.0
GA,Walker County,13295,2011,10.0
GA,Walker County,13295,2012,12.0
GA,Walker County,13295,2014,11.0
GA,Walton County,13297,2012,15.0
GA,Walton County,13297,2013,15.0
GA,Walton County,13297,2014,13.0
GA,Walton County,13297,2015,19.0
GA,Ware County,13299,2009,10.0
GA,Ware County,13299,2014,15.0
GA,Whitfield County,13313,2004,10.0
GA,Whitfield County,13313,2005,11.0
GA,Whitfield County,13313,2006,12.0
GA,Whitfield County,13313,2008,15.0
GA,Whitfield County,13313,2009,11.0
GA,Whitfield County,13313,2010,11.0
GA,Whitfield County,13313,2011,15.0
GA,Whitfield County,13313,2012,16.0
GA,Whitfield County,13313,2013,14.0
GA,Whitfield County,13313,2014,11.0
GA,Whitfield County,13313,2015,12.0
MT,Cascade County,30013,2008,10.0
MT,Cascade County,30013,2013,11.0
MT,Flathead County,30029,2007,10.0
MT,Flathead County,30029,2008,11.0
MT,Flathead County,30029,2012,11.0
MT,Flathead County,30029,2013,15.0
MT,Flathead County,30029,2014,10.0
MT,Flathead County,30029,2015,10.0
MT,Gallatin County,30031,2009,10.0
MT,Missoula County,30063,2003,11.0
MT,Missoula County,30063,2005,12.0
MT,Missoula County,30063,2008,13.0
MT,Missoula County,30063,2009,14.0
MT,Missoula County,30063,2010,15.0
MT,Missoula County,30063,2012,15.0
MT,Missoula County,30063,2013,12.0
MT,Missoula County,30063,2015,11.0
MT,Silver Bow County,30093,2009,11.0
MT,Yellowstone County,30111,2003,11.0
MT,Yellowstone County,30111,2006,10.0
MT,Yellowstone County,30111,2007,10.0
MT,Yellowstone County,30111,2010,14.0
MT,Yellowstone County,30111,2011,15.0
MT,Yellowstone County,30111,2012,10.0
MT,Yellowstone County,30111,2013,24.0
MT,Yellowstone County,30111,2014,14.0
MT,Yellowstone County,30111,2015,20.0
NC,Alamance County,37001,2005,11.0
NC,Alamance County,37001,2006,10.0
NC,Alamance County,37001,2007,11.0
NC,Alamance County,37001,2008,19.0
NC,Alamance County,37001,2009,20.0
NC,Alamance County,37001,2011,16.0
NC,Alamance County,37001,2012,19.0
NC,Alamance County,37001,2013,15.0
NC,Alamance County,37001,2014,16.0
NC,Alamance County,37001,2015,14.0
NC,Alexander County,37003,2009,11.0
NC,Alexander County,37003,2015,11.0
NC,Brunswick County,37019,2003,10.0
NC,Brunswick County,37019,2004,11.0
NC,Brunswick County,37019,2005,17.0
NC,Brunswick County,37019,2006,17.0
NC,Brunswick County,37019,2008,15.0
NC,Brunswick County,37019,2009,25.0
NC,Brunswick County,37019,2010,20.0
NC,Brunswick County,37019,2011,29.0
NC,Brunswick County,37019,2012,25.0
NC,Brunswick County,37019,2013,28.0
NC,Brunswick County,37019,2014,20.0
NC,Brunswick County,37019,2015,28.0
NC,Buncombe County,37021,2003,22.0
NC,Buncombe County,37021,2004,31.0
NC,Buncombe County,37021,2005,35.0
NC,Buncombe County,37021,2006,22.0
NC,Buncombe County,37021,2007,27.0
NC,Buncombe County,37021,2008,19.0
NC,Buncombe County,37021,2009,17.0
NC,Buncombe County,37021,2010,21.0
NC,Buncombe County,37021,2011,35.0
NC,Buncombe County,37021,2012,25.0
NC,Buncombe County,37021,2013,27.0
NC,Buncombe County,37021,2014,28.0
NC,Buncombe County,37021,2015,37.0
NC,Burke County,37023,2003,10.0
NC,Burke County,37023,2004,17.0
NC,Burke County,37023,2005,14.0
NC,Burke County,37023,2006,20.0
NC,Burke County,37023,2007,25.0
NC,Burke County,37023,2008,23.0
NC,Burke County,37023,2009,17.0
NC,Burke County,37023,2010,19.0
NC,Burke County,37023,2011,16.0
NC,Burke County,37023,2012,22.0
NC,Burke County,37023,2013,29.0
NC,Burke County,37023,2014,23.0
NC,Burke County,37023,2015,31.0
NC,Cabarrus County,37025,2004,17.0
NC,Cabarrus County,37025,2005,28.0
NC,Cabarrus County,37025,2006,18.0
NC,Cabarrus County,37025,2007,17.0
NC,Cabarrus County,37025,2008,21.0
NC,Cabarrus County,37025,2009,21.0
NC,Cabarrus County,37025,2010,20.0
NC,Cabarrus County,37025,2011,14.0
NC,Cabarrus County,37025,2012,13.0
NC,Cabarrus County,37025,2013,27.0
NC,Cabarrus County,37025,2014,22.0
NC,Cabarrus County,37025,2015,23.0
NC,Caldwell County,37027,2004,16.0
NC,Caldwell County,37027,2005,10.0
NC,Caldwell County,37027,2006,16.0
NC,Caldwell County,37027,2007,10.0
NC,Caldwell County,37027,2008,18.0
NC,Caldwell County,37027,2009,17.0
NC,Caldwell County,37027,2011,10.0
NC,Caldwell County,37027,2012,13.0
NC,Caldwell County,37027,2014,13.0
NC,Caldwell County,37027,2015,27.0
NC,Carteret County,37031,2004,12.0
NC,Carteret County,37031,2005,11.0
NC,Carteret County,37031,2008,10.0
NC,Carteret County,37031,2009,12.0
NC,Carteret County,37031,2010,10.0
NC,Carteret County,37031,2011,17.0
NC,Carteret County,37031,2014,15.0
NC,Carteret County,37031,2015,18.0
NC,Catawba County,37035,2003,17.0
NC,Catawba County,37035,2004,17.0
NC,Catawba County,37035,2005,12.0
NC,Catawba County,37035,2006,17.0
NC,Catawba County,37035,2007,29.0
NC,Catawba County,37035,2008,18.0
NC,Catawba County,37035,2009,24.0
NC,Catawba County,37035,2010,17.0
NC,Catawba County,37035,2011,27.0
NC,Catawba County,37035,2012,22.0
NC,Catawba County,37035,2013,17.0
NC,Catawba County,37035,2014,26.0
NC,Catawba County,37035,2015,24.0
NC,Cherokee County,37039,2010,11.0
NC,Cherokee County,37039,2011,17.0
NC,Cleveland County,37045,2003,12.0
NC,Cleveland County,37045,2005,10.0
NC,Cleveland County,37045,2006,11.0
NC,Cleveland County,37045,2007,10.0
NC,Cleveland County,37045,2008,18.0
NC,Cleveland County,37045,2009,13.0
NC,Cleveland County,37045,2010,18.0
NC,Cleveland County,37045,2011,10.0
NC,Cleveland County,37045,2012,13.0
NC,Cleveland County,37045,2013,14.0
NC,Cleveland County,37045,2014,13.0
NC,Cleveland County,37045,2015,23.0
NC,Columbus County,37047,2005,11.0
NC,Columbus County,37047,2009,18.0
NC,Columbus County,37047,2010,13.0
NC,Columbus County,37047,2014,10.0
NC,Craven County,37049,2004,13.0
NC,Craven County,37049,2005,10.0
NC,Craven County,37049,2006,13.0
NC,Craven County,37049,2008,12.0
NC,Craven County,37049,2009,11.0
NC,Craven County,37049,2010,10.0
NC,Craven County,37049,2013,16.0
NC,Craven County,37049,2014,11.0
NC,Craven County,37049,2015,20.0
NC,Cumberland County,37051,2003,13.0
NC,Cumberland County,37051,2004,18.0
NC,Cumberland County,37051,2005,25.0
NC,Cumberland County,37051,2006,24.0
NC,Cumberland County,37051,2007,20.0
NC,Cumberland County,37051,2008,34.0
NC,Cumberland County,37051,2009,23.0
NC,Cumberland County,37051,2010,34.0
NC,Cumberland County,37051,2011,41.0
NC,Cumberland County,37051,2012,40.0
NC,Cumberland County,37051,2013,32.0
NC,Cumberland County,37051,2014,39.0
NC,Cumberland County,37051,2015,46.0
NC,Davidson County,37057,2003,18.0
NC,Davidson County,37057,2004,21.0
NC,Davidson County,37057,2005,24.0
NC,Davidson County,37057,2006,28.0
NC,Davidson County,37057,2007,19.0
NC,Davidson County,37057,2008,28.0
NC,Davidson County,37057,2009,18.0
NC,Davidson County,37057,2010,15.0
NC,Davidson County,37057,2011,30.0
NC,Davidson County,37057,2012,26.0
NC,Davidson County,37057,2013,32.0
NC,Davidson County,37057,2014,31.0
NC,Davidson County,37057,2015,23.0
NC,Durham County,37063,2003,14.0
NC,Durham County,37063,2004,14.0
NC,Durham County,37063,2005,11.0
NC,Durham County,37063,2006,21.0
NC,Durham County,37063,2007,22.0
NC,Durham County,37063,2008,22.0
NC,Durham County,37063,2009,13.0
NC,Durham County,37063,2010,16.0
NC,Durham County,37063,2011,22.0
NC,Durham County,37063,2012,17.0
NC,Durham County,37063,2013,20.0
NC,Durham County,37063,2014,21.0
NC,Durham County,37063,2015,20.0
NC,Edgecombe County,37065,2013,10.0
NC,Forsyth County,37067,2003,20.0
NC,Forsyth County,37067,2004,18.0
NC,Forsyth County,37067,2005,15.0
NC,Forsyth County,37067,2006,36.0
NC,Forsyth County,37067,2007,28.0
NC,Forsyth County,37067,2008,31.0
NC,Forsyth County,37067,2009,33.0
NC,Forsyth County,37067,2010,18.0
NC,Forsyth County,37067,2011,43.0
NC,Forsyth County,37067,2012,39.0
NC,Forsyth County,37067,2013,32.0
NC,Forsyth County,37067,2014,48.0
NC,Forsyth County,37067,2015,58.0
NC,Gaston County,37071,2003,29.0
NC,Gaston County,37071,2004,39.0
NC,Gaston County,37071,2005,35.0
NC,Gaston County,37071,2006,32.0
NC,Gaston County,37071,2007,39.0
NC,Gaston County,37071,2008,35.0
NC,Gaston County,37071,2009,57.0
NC,Gaston County,37071,2010,46.0
NC,Gaston County,37071,2011,42.0
NC,Gaston County,37071,2012,41.0
NC,Gaston County,37071,2013,42.0
NC,Gaston County,37071,2014,40.0
NC,Gaston County,37071,2015,36.0
NC,Guilford County,37081,2003,29.0
NC,Guilford County,37081,2004,33.0
NC,Guilford County,37081,2005,36.0
NC,Guilford County,37081,2006,49.0
NC,Guilford County,37081,2007,41.0
NC,Guilford County,37081,2008,28.0
NC,Guilford County,37081,2009,49.0
NC,Guilford County,37081,2010,36.0
NC,Guilford County,37081,2011,43.0
NC,Guilford County,37081,2012,46.0
NC,Guilford County,37081,2013,30.0
NC,Guilford County,37081,2014,47.0
NC,Guilford County,37081,2015,55.0
NC,Halifax County,37083,2015,11.0
NC,Harnett County,37085,2008,10.0
NC,Harnett County,37085,2010,10.0
NC,Harnett County,37085,2012,16.0
NC,Harnett County,37085,2013,13.0
NC,Harnett County,37085,2014,14.0
NC,Harnett County,37085,2015,11.0
NC,Haywood County,37087,2008,12.0
NC,Haywood County,37087,2010,13.0
NC,Haywood County,37087,2012,17.0
NC,Haywood County,37087,2013,16.0
NC,Haywood County,37087,2015,11.0
NC,Henderson County,37089,2003,13.0
NC,Henderson County,37089,2004,19.0
NC,Henderson County,37089,2005,12.0
NC,Henderson County,37089,2007,10.0
NC,Henderson County,37089,2008,17.0
NC,Henderson County,37089,2010,13.0
NC,Henderson County,37089,2011,13.0
NC,Henderson County,37089,2012,12.0
NC,Henderson County,37089,2013,22.0
NC,Henderson County,37089,2014,11.0
NC,Henderson County,37089,2015,16.0
NC,Iredell County,37097,2003,12.0
NC,Iredell County,37097,2004,18.0
NC,Iredell County,37097,2005,13.0
NC,Iredell County,37097,2006,14.0
NC,Iredell County,37097,2007,22.0
NC,Iredell County,37097,2008,17.0
NC,Iredell County,37097,2009,26.0
NC,Iredell County,37097,2010,18.0
NC,Iredell County,37097,2011,30.0
NC,Iredell County,37097,2012,24.0
NC,Iredell County,37097,2013,21.0
NC,Iredell County,37097,2014,25.0
NC,Iredell County,37097,2015,20.0
NC,Johnston County,37101,2004,10.0
NC,Johnston County,37101,2009,11.0
NC,Johnston County,37101,2010,23.0
NC,Johnston County,37101,2011,14.0
NC,Johnston County,37101,2012,16.0
NC,Johnston County,37101,2013,17.0
NC,Johnston County,37101,2014,11.0
NC,Johnston County,37101,2015,24.0
NC,Lee County,37105,2015,10.0
NC,Lenoir County,37107,2011,10.0
NC,Lenoir County,37107,2015,11.0
NC,Lincoln County,37109,2006,11.0
NC,Lincoln County,37109,2009,15.0
NC,Lincoln County,37109,2011,14.0
NC,Lincoln County,37109,2012,11.0
NC,Lincoln County,37109,2013,15.0
NC,Macon County,37113,2006,13.0
NC,McDowell County,37111,2007,13.0
NC,McDowell County,37111,2008,14.0
NC,Mecklenburg County,37119,2003,38.0
NC,Mecklenburg County,37119,2004,40.0
NC,Mecklenburg County,37119,2005,64.0
NC,Mecklenburg County,37119,2006,59.0
NC,Mecklenburg County,37119,2007,50.0
NC,Mecklenburg County,37119,2008,66.0
NC,Mecklenburg County,37119,2009,50.0
NC,Mecklenburg County,37119,2010,65.0
NC,Mecklenburg County,37119,2011,79.0
NC,Mecklenburg County,37119,2012,92.0
NC,Mecklenburg County,37119,2013,59.0
NC,Mecklenburg County,37119,2014,103.0
NC,Mecklenburg County,37119,2015,110.0
NC,Moore County,37125,2014,11.0
NC,Moore County,37125,2015,11.0
NC,Nash County,37127,2006,10.0
NC,Nash County,37127,2011,10.0
NC,Nash County,37127,2012,14.0
NC,Nash County,37127,2013,11.0
NC,Nash County,37127,2015,10.0
NC,New Hanover County,37129,2003,20.0
NC,New Hanover County,37129,2004,23.0
NC,New Hanover County,37129,2005,36.0
NC,New Hanover County,37129,2006,19.0
NC,New Hanover County,37129,2007,20.0
NC,New Hanover County,37129,2008,31.0
NC,New Hanover County,37129,2009,25.0
NC,New Hanover County,37129,2010,28.0
NC,New Hanover County,37129,2011,36.0
NC,New Hanover County,37129,2012,41.0
NC,New Hanover County,37129,2013,35.0
NC,New Hanover County,37129,2014,34.0
NC,New Hanover County,37129,2015,50.0
NC,Onslow County,37133,2005,12.0
NC,Onslow County,37133,2006,15.0
NC,Onslow County,37133,2007,15.0
NC,Onslow County,37133,2008,10.0
NC,Onslow County,37133,2009,20.0
NC,Onslow County,37133,2010,11.0
NC,Onslow County,37133,2011,18.0
NC,Onslow County,37133,2012,18.0
NC,Onslow County,37133,2013,16.0
NC,Onslow County,37133,2014,17.0
NC,Onslow County,37133,2015,17.0
NC,Orange County,37135,2007,10.0
NC,Orange County,37135,2011,10.0
NC,Orange County,37135,2012,10.0
NC,Pender County,37141,2015,16.0
NC,Pitt County,37147,2003,11.0
NC,Pitt County,37147,2004,11.0
NC,Pitt County,37147,2006,12.0
NC,Pitt County,37147,2008,16.0
NC,Pitt County,37147,2009,16.0
NC,Pitt County,37147,2010,16.0
NC,Pitt County,37147,2012,16.0
NC,Pitt County,37147,2013,15.0
NC,Pitt County,37147,2014,22.0
NC,Pitt County,37147,2015,14.0
NC,Randolph County,37151,2005,10.0
NC,Randolph County,37151,2006,15.0
NC,Randolph County,37151,2007,15.0
NC,Randolph County,37151,2008,13.0
NC,Randolph County,37151,2009,16.0
NC,Randolph County,37151,2010,17.0
NC,Randolph County,37151,2011,21.0
NC,Randolph County,37151,2012,17.0
NC,Randolph County,37151,2013,22.0
NC,Randolph County,37151,2014,17.0
NC,Randolph County,37151,2015,30.0
NC,Richmond County,37153,2009,10.0
NC,Richmond County,37153,2011,11.0
NC,Richmond County,37153,2015,13.0
NC,Robeson County,37155,2006,10.0
NC,Robeson County,37155,2008,10.0
NC,Robeson County,37155,2009,10.0
NC,Robeson County,37155,2011,23.0
NC,Robeson County,37155,2012,21.0
NC,Robeson County,37155,2013,17.0
NC,Robeson County,37155,2014,20.0
NC,Robeson County,37155,2015,16.0
NC,Rockingham County,37157,2003,11.0
NC,Rockingham County,37157,2005,13.0
NC,Rockingham County,37157,2006,12.0
NC,Rockingham County,37157,2007,19.0
NC,Rockingham County,37157,2008,19.0
NC,Rockingham County,37157,2009,13.0
NC,Rockingham County,37157,2010,15.0
NC,Rockingham County,37157,2011,18.0
NC,Rockingham County,37157,2012,14.0
NC,Rockingham County,37157,2013,11.0
NC,Rockingham County,37157,2015,12.0
NC,Rowan County,37159,2003,10.0
NC,Rowan County,37159,2004,21.0
NC,Rowan County,37159,2005,21.0
NC,Rowan County,37159,2006,20.0
NC,Rowan County,37159,2007,17.0
NC,Rowan County,37159,2008,25.0
NC,Rowan County,37159,2009,26.0
NC,Rowan County,37159,2010,19.0
NC,Rowan County,37159,2011,32.0
NC,Rowan County,37159,2012,26.0
NC,Rowan County,37159,2013,24.0
NC,Rowan County,37159,2014,25.0
NC,Rowan County,37159,2015,32.0
NC,Rutherford County,37161,2003,10.0
NC,Rutherford County,37161,2005,11.0
NC,Rutherford County,37161,2006,16.0
NC,Rutherford County,37161,2007,15.0
NC,Rutherford County,37161,2008,18.0
NC,Rutherford County,37161,2009,14.0
NC,Rutherford County,37161,2010,10.0
NC,Rutherford County,37161,2011,14.0
NC,Rutherford County,37161,2013,10.0
NC,Rutherford County,37161,2015,19.0
NC,Sampson County,37163,2008,10.0
NC,Sampson County,37163,2011,11.0
NC,Sampson County,37163,2014,15.0
NC,Stanly County,37167,2007,11.0
NC,Stanly County,37167,2010,17.0
NC,Stanly County,37167,2011,10.0
NC,Stanly County,37167,2012,10.0
NC,Stanly County,37167,2013,10.0
NC,Stanly County,37167,2015,11.0
NC,Stokes County,37169,2008,12.0
NC,Stokes County,37169,2011,14.0
NC,Stokes County,37169,2015,13.0
NC,Surry County,37171,2005,12.0
NC,Surry County,37171,2006,13.0
NC,Surry County,37171,2009,14.0
NC,Surry County,37171,2010,16.0
NC,Surry County,37171,2011,14.0
NC,Surry County,37171,2012,12.0
NC,Surry County,37171,2014,13.0
NC,Surry County,37171,2015,11.0
NC,Union County,37179,2005,12.0
NC,Union County,37179,2006,20.0
NC,Union County,37179,2008,14.0
NC,Union County,37179,2010,10.0
NC,Union County,37179,2013,17.0
NC,Union County,37179,2014,18.0
NC,Union County,37179,2015,22.0
NC,Vance County,37181,2005,10.0
NC,Vance County,37181,2012,10.0
NC,Wake County,37183,2003,41.0
NC,Wake County,37183,2004,27.0
NC,Wake County,37183,2005,59.0
NC,Wake County,37183,2006,42.0
NC,Wake County,37183,2007,57.0
NC,Wake County,37183,2008,67.0
NC,Wake County,37183,2009,50.0
NC,Wake County,37183,2010,54.0
NC,Wake County,37183,2011,58.0
NC,Wake County,37183,2012,54.0
NC,Wake County,37183,2013,69.0
NC,Wake County,37183,2014,78.0
NC,Wake County,37183,2015,75.0
NC,Wayne County,37191,2007,10.0
NC,Wayne County,37191,2008,11.0
NC,Wayne County,37191,2010,10.0
NC,Wayne County,37191,2011,15.0
NC,Wayne County,37191,2013,11.0
NC,Wayne County,37191,2015,11.0
NC,Wilkes County,37193,2003,15.0
NC,Wilkes County,37193,2005,16.0
NC,Wilkes County,37193,2006,18.0
NC,Wilkes County,37193,2007,18.0
NC,Wilkes County,37193,2008,27.0
NC,Wilkes County,37193,2009,30.0
NC,Wilkes County,37193,2010,16.0
NC,Wilkes County,37193,2012,15.0
NC,Wilkes County,37193,2013,19.0
NC,Wilkes County,37193,2014,28.0
NC,Wilkes County,37193,2015,25.0
NC,Yadkin County,37197,2014,12.0
OR,Clackamas County,41005,2003,18.0
OR,Clackamas County,41005,2004,16.0
OR,Clackamas County,41005,2005,23.0
OR,Clackamas County,41005,2006,34.0
OR,Clackamas County,41005,2007,32.0
OR,Clackamas County,41005,2008,25.0
OR,Clackamas County,41005,2009,32.0
OR,Clackamas County,41005,2010,43.0
OR,Clackamas County,41005,2011,34.0
OR,Clackamas County,41005,2012,22.0
OR,Clackamas County,41005,2013,38.0
OR,Clackamas County,41005,2014,46.0
OR,Clackamas County,41005,2015,26.0
OR,Clatsop County,41007,2011,11.0
OR,Deschutes County,41017,2008,10.0
OR,Deschutes County,41017,2010,17.0
OR,Deschutes County,41017,2011,15.0
OR,Deschutes County,41017,2013,13.0
OR,Deschutes County,41017,2014,10.0
OR,Douglas County,41019,2003,10.0
OR,Douglas County,41019,2015,11.0
OR,Jackson County,41029,2003,17.0
OR,Jackson County,41029,2004,27.0
OR,Jackson County,41029,2005,21.0
OR,Jackson County,41029,2006,42.0
OR,Jackson County,41029,2007,10.0
OR,Jackson County,41029,2008,14.0
OR,Jackson County,41029,2009,13.0
OR,Jackson County,41029,2010,15.0
OR,Jackson County,41029,2011,22.0
OR,Jackson County,41029,2012,41.0
OR,Jackson County,41029,2013,20.0
OR,Jackson County,41029,2014,22.0
OR,Jackson County,41029,2015,32.0
OR,Josephine County,41033,2007,13.0
OR,Josephine County,41033,2014,12.0
OR,Josephine County,41033,2015,11.0
OR,Klamath County,41035,2015,10.0
OR,Lane County,41039,2003,18.0
OR,Lane County,41039,2004,36.0
OR,Lane County,41039,2005,31.0
OR,Lane County,41039,2006,50.0
OR,Lane County,41039,2007,35.0
OR,Lane County,41039,2008,39.0
OR,Lane County,41039,2009,75.0
OR,Lane County,41039,2010,50.0
OR,Lane County,41039,2011,48.0
OR,Lane County,41039,2012,34.0
OR,Lane County,41039,2013,41.0
OR,Lane County,41039,2014,58.0
OR,Lane County,41039,2015,52.0
OR,Lincoln County,41041,2014,12.0
OR,Linn County,41043,2005,10.0
OR,Linn County,41043,2006,10.0
OR,Linn County,41043,2009,12.0
OR,Linn County,41043,2010,12.0
OR,Linn County,41043,2011,17.0
OR,Linn County,41043,2012,11.0
OR,Linn County,41043,2013,14.0
OR,Linn County,41043,2014,23.0
OR,Linn County,41043,2015,10.0
OR,Marion County,41047,2003,10.0
OR,Marion County,41047,2004,23.0
OR,Marion County,41047,2005,11.0
OR,Marion County,41047,2006,23.0
OR,Marion County,41047,2007,29.0
OR,Marion County,41047,2008,19.0
OR,Marion County,41047,2009,29.0
OR,Marion County,41047,2010,42.0
OR,Marion County,41047,2011,24.0
OR,Marion County,41047,2012,41.0
OR,Marion County,41047,2013,12.0
OR,Marion County,41047,2014,11.0
OR,Marion County,41047,2015,26.0
OR,Multnomah County,41051,2003,99.0
OR,Multnomah County,41051,2004,107.0
OR,Multnomah County,41051,2005,108.0
OR,Multnomah County,41051,2006,130.0
OR,Multnomah County,41051,2007,163.0
OR,Multnomah County,41051,2008,135.0
OR,Multnomah County,41051,2009,128.0
OR,Multnomah County,41051,2010,121.0
OR,Multnomah County,41051,2011,141.0
OR,Multnomah County,41051,2012,121.0
OR,Multnomah County,41051,2013,124.0
OR,Multnomah County,41051,2014,121.0
OR,Multnomah County,41051,2015,124.0
OR,Washington County,41067,2003,17.0
OR,Washington County,41067,2004,18.0
OR,Washington County,41067,2005,33.0
OR,Washington County,41067,2006,25.0
OR,Washington County,41067,2007,37.0
OR,Washington County,41067,2008,32.0
OR,Washington County,41067,2009,32.0
OR,Washington County,41067,2010,30.0
OR,Washington County,41067,2011,45.0
OR,Washington County,41067,2012,49.0
OR,Washington County,41067,2013,43.0
OR,Washington County,41067,2014,45.0
OR,Washington County,41067,2015,41.0
OR,Yamhill County,41071,2011,10.0
OR,Yamhill County,41071,2015,10.0
SC,Aiken County,45003,2003,10.0
SC,Aiken County,45003,2004,16.0
SC,Aiken County,45003,2005,13.0
SC,Aiken County,45003,2006,25.0
SC,Aiken County,45003,2007,19.0
SC,Aiken County,45003,2008,18.0
SC,Aiken County,45003,2009,21.0
SC,Aiken County,45003,2010,25.0
SC,Aiken County,45003,2011,22.0
SC,Aiken County,45003,2012,26.0
SC,Aiken County,45003,2013,27.0
SC,Aiken County,45003,2014,26.0
SC,Aiken County,45003,2015,30.0
SC,Anderson County,45007,2003,12.0
SC,Anderson County,45007,2004,18.0
SC,Anderson County,45007,2005,19.0
SC,Anderson County,45007,2006,18.0
SC,Anderson County,45007,2007,25.0
SC,Anderson County,45007,2008,29.0
SC,Anderson County,45007,2009,41.0
SC,Anderson County,45007,2010,33.0
SC,Anderson County,45007,2011,32.0
SC,Anderson County,45007,2012,28.0
SC,Anderson County,45007,2013,36.0
SC,Anderson County,45007,2014,35.0
SC,Anderson County,45007,2015,39.0
SC,Beaufort County,45013,2010,11.0
SC,Beaufort County,45013,2011,13.0
SC,Beaufort County,45013,2013,11.0
SC,Beaufort County,45013,2014,10.0
SC,Berkeley County,45015,2004,10.0
SC,Berkeley County,45015,2005,13.0
SC,Berkeley County,45015,2006,12.0
SC,Berkeley County,45015,2007,11.0
SC,Berkeley County,45015,2008,15.0
SC,Berkeley County,45015,2009,11.0
SC,Berkeley County,45015,2010,22.0
SC,Berkeley County,45015,2011,16.0
SC,Berkeley County,45015,2012,19.0
SC,Berkeley County,45015,2013,25.0
SC,Berkeley County,45015,2014,23.0
SC,Berkeley County,45015,2015,25.0
SC,Charleston County,45019,2003,16.0
SC,Charleston County,45019,2004,28.0
SC,Charleston County,45019,2005,24.0
SC,Charleston County,45019,2006,27.0
SC,Charleston County,45019,2007,44.0
SC,Charleston County,45019,2008,41.0
SC,Charleston County,45019,2009,39.0
SC,Charleston County,45019,2010,54.0
SC,Charleston County,45019,2011,42.0
SC,Charleston County,45019,2012,30.0
SC,Charleston County,45019,2013,37.0
SC,Charleston County,45019,2014,47.0
SC,Charleston County,45019,2015,59.0
SC,Cherokee County,45021,2012,12.0
SC,Darlington County,45031,2013,12.0
SC,Dorchester County,45035,2008,14.0
SC,Dorchester County,45035,2012,15.0
SC,Dorchester County,45035,2013,14.0
SC,Dorchester County,45035,2014,10.0
SC,Dorchester County,45035,2015,27.0
SC,Florence County,45041,2006,16.0
SC,Florence County,45041,2010,16.0
SC,Florence County,45041,2011,10.0
SC,Florence County,45041,2013,20.0
SC,Florence County,45041,2014,20.0
SC,Florence County,45041,2015,15.0
SC,Georgetown County,45043,2007,14.0
SC,Georgetown County,45043,2014,10.0
SC,Georgetown County,45043,2015,10.0
SC,Greenville County,45045,2003,32.0
SC,Greenville County,45045,2004,28.0
SC,Greenville County,45045,2005,63.0
SC,Greenville County,45045,2006,75.0
SC,Greenville County,45045,2007,79.0
SC,Greenville County,45045,2008,79.0
SC,Greenville County,45045,2009,70.0
SC,Greenville County,45045,2010,77.0
SC,Greenville County,45045,2011,71.0
SC,Greenville County,45045,2012,73.0
SC,Greenville County,45045,2013,68.0
SC,Greenville County,45045,2014,81.0
SC,Greenville County,45045,2015,100.0
SC,Greenwood County,45047,2008,10.0
SC,Greenwood County,45047,2014,10.0
SC,Horry County,45051,2003,36.0
SC,Horry County,45051,2004,27.0
SC,Horry County,45051,2005,28.0
SC,Horry County,45051,2006,33.0
SC,Horry County,45051,2007,29.0
SC,Horry County,45051,2008,35.0
SC,Horry County,45051,2009,37.0
SC,Horry County,45051,2010,39.0
SC,Horry County,45051,2011,25.0
SC,Horry County,45051,2012,31.0
SC,Horry County,45051,2013,33.0
SC,Horry County,45051,2014,55.0
SC,Horry County,45051,2015,46.0
SC,Lancaster County,45057,2010,15.0
SC,Lancaster County,45057,2011,11.0
SC,Lancaster County,45057,2013,11.0
SC,Laurens County,45059,2005,13.0
SC,Laurens County,45059,2008,13.0
SC,Laurens County,45059,2010,12.0
SC,Laurens County,45059,2013,17.0
SC,Laurens County,45059,2015,10.0
SC,Lexington County,45063,2003,12.0
SC,Lexington County,45063,2004,10.0
SC,Lexington County,45063,2005,15.0
SC,Lexington County,45063,2006,29.0
SC,Lexington County,45063,2007,26.0
SC,Lexington County,45063,2008,15.0
SC,Lexington County,45063,2009,22.0
SC,Lexington County,45063,2010,36.0
SC,Lexington County,45063,2011,38.0
SC,Lexington County,45063,2012,31.0
SC,Lexington County,45063,2013,47.0
SC,Lexington County,45063,2014,47.0
SC,Lexington County,45063,2015,44.0
SC,Oconee County,45073,2004,10.0
SC,Oconee County,45073,2005,11.0
SC,Oconee County,45073,2006,14.0
SC,Oconee County,45073,2007,17.0
SC,Oconee County,45073,2008,20.0
SC,Oconee County,45073,2009,15.0
SC,Oconee County,45073,2010,16.0
SC,Oconee County,45073,2011,21.0
SC,Oconee County,45073,2012,20.0
SC,Oconee County,45073,2013,12.0
SC,Oconee County,45073,2014,20.0
SC,Oconee County,45073,2015,19.0
SC,Pickens County,45077,2004,15.0
SC,Pickens County,45077,2005,17.0
SC,Pickens County,45077,2006,25.0
SC,Pickens County,45077,2007,18.0
SC,Pickens County,45077,2008,16.0
SC,Pickens County,45077,2009,30.0
SC,Pickens County,45077,2010,28.0
SC,Pickens County,45077,2011,26.0
SC,Pickens County,45077,2012,32.0
SC,Pickens County,45077,2013,30.0
SC,Pickens County,45077,2014,33.0
SC,Pickens County,45077,2015,29.0
SC,Richland County,45079,2003,26.0
SC,Richland County,45079,2004,14.0
SC,Richland County,45079,2005,24.0
SC,Richland County,45079,2006,28.0
SC,Richland County,45079,2007,20.0
SC,Richland County,45079,2008,27.0
SC,Richland County,45079,2009,30.0
SC,Richland County,45079,2010,45.0
SC,Richland County,45079,2011,36.0
SC,Richland County,45079,2012,32.0
SC,Richland County,45079,2013,26.0
SC,Richland County,45079,2014,48.0
SC,Richland County,45079,2015,35.0
SC,Spartanburg County,45083,2003,21.0
SC,Spartanburg County,45083,2004,38.0
SC,Spartanburg County,45083,2005,44.0
SC,Spartanburg County,45083,2006,55.0
SC,Spartanburg County,45083,2007,35.0
SC,Spartanburg County,45083,2008,61.0
SC,Spartanburg County,45083,2009,69.0
SC,Spartanburg County,45083,2010,46.0
SC,Spartanburg County,45083,2011,58.0
SC,Spartanburg County,45083,2012,29.0
SC,Spartanburg County,45083,2013,35.0
SC,Spartanburg County,45083,2014,42.0
SC,Spartanburg County,45083,2015,51.0
SC,York County,45091,2003,10.0
SC,York County,45091,2004,11.0
SC,York County,45091,2005,23.0
SC,York County,45091,2006,15.0
SC,York County,45091,2007,16.0
SC,York County,45091,2008,25.0
SC,York County,45091,2009,26.0
SC,York County,45091,2010,24.0
SC,York County,45091,2011,22.0
SC,York County,45091,2012,28.0
SC,York County,45091,2013,31.0
SC,York County,45091,2014,32.0
SC,York County,45091,2015,38.0
WA,Benton County,53005,2003,10.0
WA,Benton County,53005,2004,12.0
WA,Benton County,53005,2005,13.0
WA,Benton County,53005,2006,16.0
WA,Benton County,53005,2007,17.0
WA,Benton County,53005,2008,10.0
WA,Benton County,53005,2009,17.0
WA,Benton County,53005,2010,10.0
WA,Benton County,53005,2011,16.0
WA,Benton County,53005,2012,16.0
WA,Benton County,53005,2013,18.0
WA,Benton County,53005,2014,20.0
WA,Benton County,53005,2015,28.0
WA,Chelan County,53007,2010,11.0
WA,Chelan County,53007,2011,10.0
WA,Clallam County,53009,2004,11.0
WA,Clallam County,53009,2005,10.0
WA,Clallam County,53009,2006,15.0
WA,Clallam County,53009,2007,19.0
WA,Clallam County,53009,2008,17.0
WA,Clallam County,53009,2009,13.0
WA,Clallam County,53009,2010,11.0
WA,Clallam County,53009,2012,12.0
WA,Clallam County,53009,2013,15.0
WA,Clallam County,53009,2015,12.0
WA,Clark County,53011,2003,40.0
WA,Clark County,53011,2004,27.0
WA,Clark County,53011,2005,40.0
WA,Clark County,53011,2006,48.0
WA,Clark County,53011,2007,55.0
WA,Clark County,53011,2008,61.0
WA,Clark County,53011,2009,59.0
WA,Clark County,53011,2010,50.0
WA,Clark County,53011,2011,55.0
WA,Clark County,53011,2012,62.0
WA,Clark County,53011,2013,57.0
WA,Clark County,53011,2014,59.0
WA,Clark County,53011,2015,59.0
WA,Cowlitz County,53015,2004,17.0
WA,Cowlitz County,53015,2005,24.0
WA,Cowlitz County,53015,2006,20.0
WA,Cowlitz County,53015,2007,15.0
WA,Cowlitz County,53015,2008,20.0
WA,Cowlitz County,53015,2009,18.0
WA,Cowlitz County,53015,2010,14.0
WA,Cowlitz County,53015,2011,27.0
WA,Cowlitz County,53015,2012,23.0
WA,Cowlitz County,53015,2013,21.0
WA,Cowlitz County,53015,2014,21.0
WA,Cowlitz County,53015,2015,15.0
WA,Grant County,53025,2004,14.0
WA,Grant County,53025,2005,13.0
WA,Grant County,53025,2006,11.0
WA,Grant County,53025,2007,11.0
WA,Grant County,53025,2008,11.0
WA,Grant County,53025,2009,17.0
WA,Grant County,53025,2015,11.0
WA,Grays Harbor County,53027,2004,17.0
WA,Grays Harbor County,53027,2008,12.0
WA,Grays Harbor County,53027,2009,16.0
WA,Grays Harbor County,53027,2011,10.0
WA,Grays Harbor County,53027,2012,11.0
WA,Grays Harbor County,53027,2013,12.0
WA,Grays Harbor County,53027,2014,15.0
WA,Grays Harbor County,53027,2015,15.0
WA,Island County,53029,2012,10.0
WA,Island County,53029,2014,13.0
WA,Island County,53029,2015,11.0
WA,King County,53033,2003,190.0
WA,King County,53033,2004,234.0
WA,King County,53033,2005,226.0
WA,King County,53033,2006,259.0
WA,King County,53033,2007,258.0
WA,King County,53033,2008,245.0
WA,King County,53033,2009,231.0
WA,King County,53033,2010,238.0
WA,King County,53033,2011,236.0
WA,King County,53033,2012,261.0
WA,King County,53033,2013,276.0
WA,King County,53033,2014,293.0
WA,King County,53033,2015,285.0
WA,Kitsap County,53035,2003,23.0
WA,Kitsap County,53035,2004,16.0
WA,Kitsap County,53035,2005,16.0
WA,Kitsap County,53035,2006,14.0
WA,Kitsap County,53035,2007,23.0
WA,Kitsap County,53035,2008,25.0
WA,Kitsap County,53035,2009,24.0
WA,Kitsap County,53035,2010,19.0
WA,Kitsap County,53035,2011,25.0
WA,Kitsap County,53035,2012,20.0
WA,Kitsap County,53035,2013,16.0
WA,Kitsap County,53035,2014,20.0
WA,Kitsap County,53035,2015,29.0
WA,Lewis County,53041,2005,13.0
WA,Lewis County,53041,2007,12.0
WA,Lewis County,53041,2008,11.0
WA,Lewis County,53041,2009,11.0
WA,Lewis County,53041,2010,11.0
WA,Lewis County,53041,2011,17.0
WA,Lewis County,53041,2014,10.0
WA,Mason County,53045,2012,14.0
WA,Mason County,53045,2013,10.0
WA,Mason County,53045,2015,10.0
WA,Pierce County,53053,2003,87.0
WA,Pierce County,53053,2004,72.0
WA,Pierce County,53053,2005,85.0
WA,Pierce County,53053,2006,68.0
WA,Pierce County,53053,2007,125.0
WA,Pierce County,53053,2008,129.0
WA,Pierce County,53053,2009,102.0
WA,Pierce County,53053,2010,113.0
WA,Pierce County,53053,2011,128.0
WA,Pierce County,53053,2012,109.0
WA,Pierce County,53053,2013,122.0
WA,Pierce County,53053,2014,124.0
WA,Pierce County,53053,2015,140.0
WA,Skagit County,53057,2003,12.0
WA,Skagit County,53057,2004,13.0
WA,Skagit County,53057,2005,15.0
WA,Skagit County,53057,2006,16.0
WA,Skagit County,53057,2007,12.0
WA,Skagit County,53057,2008,10.0
WA,Skagit County,53057,2009,20.0
WA,Skagit County,53057,2010,16.0
WA,Skagit County,53057,2011,15.0
WA,Skagit County,53057,2012,17.0
WA,Skagit County,53057,2013,23.0
WA,Skagit County,53057,2014,10.0
WA,Skagit County,53057,2015,18.0
WA,Snohomish County,53061,2003,76.0
WA,Snohomish County,53061,2004,100.0
WA,Snohomish County,53061,2005,94.0
WA,Snohomish County,53061,2006,97.0
WA,Snohomish County,53061,2007,107.0
WA,Snohomish County,53061,2008,109.0
WA,Snohomish County,53061,2009,125.0
WA,Snohomish County,53061,2010,108.0
WA,Snohomish County,53061,2011,168.0
WA,Snohomish County,53061,2012,131.0
WA,Snohomish County,53061,2013,126.0
WA,Snohomish County,53061,2014,124.0
WA,Snohomish County,53061,2015,127.0
WA,Spokane County,53063,2003,74.0
WA,Spokane County,53063,2004,78.0
WA,Spokane County,53063,2005,91.0
WA,Spokane County,53063,2006,99.0
WA,Spokane County,53063,2007,104.0
WA,Spokane County,53063,2008,126.0
WA,Spokane County,53063,2009,74.0
WA,Spokane County,53063,2010,75.0
WA,Spokane County,53063,2011,73.0
WA,Spokane County,53063,2012,84.0
WA,Spokane County,53063,2013,63.0
WA,Spokane County,53063,2014,50.0
WA,Spokane County,53063,2015,92.0
WA,Stevens County,53065,2006,13.0
WA,Stevens County,53065,2008,11.0
WA,Thurston County,53067,2003,17.0
WA,Thurston County,53067,2004,20.0
WA,Thurston County,53067,2005,23.0
WA,Thurston County,53067,2006,20.0
WA,Thurston County,53067,2007,20.0
WA,Thurston County,53067,2008,19.0
WA,Thurston County,53067,2009,28.0
WA,Thurston County,53067,2010,22.0
WA,Thurston County,53067,2011,27.0
WA,Thurston County,53067,2012,25.0
WA,Thurston County,53067,2013,25.0
WA,Thurston County,53067,2014,20.0
WA,Thurston County,53067,2015,26.0
WA,Walla Walla County,53071,2014,13.0
WA,Whatcom County,53073,2003,14.0
WA,Whatcom County,53073,2004,12.0
WA,Whatcom County,53073,2005,16.0
WA,Whatcom County,53073,2006,22.0
WA,Whatcom County,53073,2007,12.0
WA,Whatcom County,53073,2008,17.0
WA,Whatcom County,53073,2009,18.0
WA,Whatcom County,53073,2010,14.0
WA,Whatcom County,53073,2011,19.0
WA,Whatcom County,53073,2012,13.0
WA,Whatcom County,53073,2013,13.0
WA,Whatcom County,53073,2014,14.0
WA,Whatcom County,53073,2015,23.0
WA,Yakima County,53077,2003,10.0
WA,Yakima County,53077,2004,19.0
WA,Yakima County,53077,2005,11.0
WA,Yakima County,53077,2006,12.0
WA,Yakima County,53077,2007,24.0
WA,Yakima County,53077,2008,10.0
WA,Yakima County,53077,2009,17.0
WA,Yakima County,53077,2010,24.0
WA,Yakima County,53077,2011,14.0
WA,Yakima County,53077,2012,25.0
WA,Yakima County,53077,2013,14.0
WA,Yakima County,53077,2014,23.0
WA,Yakima County,53077,2015,26.0
