STATE_NAME,STATE,COUNTY,COUNTY_CODE,YEAR,POPULATION,DEATHS
COLORADO,CO,ADAMS COUNTY,8001,2003,377464,42
COLORADO,CO,ADAMS COUNTY,8001,2004,384809,46
COLORADO,CO,ADAMS COUNTY,8001,2005,395146,63
COLORADO,CO,ADAMS COUNTY,8001,2006,406575,62
COLORADO,CO,ADAMS COUNTY,8001,2007,415746,70
COLORADO,CO,ADAMS COUNTY,8001,2008,424913,50
COLORADO,CO,ADAMS COUNTY,8001,2009,435700,67
COLORADO,CO,ADAMS COUNTY,8001,2010,443692,53
COLORADO,CO,ADAMS COUNTY,8001,2011,452209,88
COLORADO,CO,ADAMS COUNTY,8001,2012,452209,91
COLORADO,CO,ADAMS COUNTY,8001,2013,460568,78
COLORADO,CO,ADAMS COUNTY,8001,2014,469995,88
COLORADO,CO,ADAMS COUNTY,8001,2015,479954,84
COLORADO,CO,ARAPAHOE COUNTY,8005,2003,513690,45
COLORADO,CO,ARAPAHOE COUNTY,8005,2004,518971,65
COLORADO,CO,ARAPAHOE COUNTY,8005,2005,524466,54
COLORADO,CO,ARAPAHOE COUNTY,8005,2006,531619,66
COLORADO,CO,ARAPAHOE COUNTY,8005,2007,542039,88
COLORADO,CO,ARAPAHOE COUNTY,8005,2008,552461,90
COLORADO,CO,ARAPAHOE COUNTY,8005,2009,563161,90
COLORADO,CO,ARAPAHOE COUNTY,8005,2010,575124,78
COLORADO,CO,ARAPAHOE COUNTY,8005,2011,586433,72
COLORADO,CO,ARAPAHOE COUNTY,8005,2012,586433,78
COLORADO,CO,ARAPAHOE COUNTY,8005,2013,597052,97
COLORADO,CO,ARAPAHOE COUNTY,8005,2014,609089,99
COLORADO,CO,ARAPAHOE COUNTY,8005,2015,619681,98
COLORADO,CO,BOULDER COUNTY,8013,2003,278768,20
COLORADO,CO,BOULDER COUNTY,8013,2004,279728,20
COLORADO,CO,BOULDER COUNTY,8013,2005,280241,26
COLORADO,CO,BOULDER COUNTY,8013,2006,284243,40
COLORADO,CO,BOULDER COUNTY,8013,2007,287428,33
COLORADO,CO,BOULDER COUNTY,8013,2008,290859,33
COLORADO,CO,BOULDER COUNTY,8013,2009,293190,44
COLORADO,CO,BOULDER COUNTY,8013,2010,295056,16
COLORADO,CO,BOULDER COUNTY,8013,2011,300045,38
COLORADO,CO,BOULDER COUNTY,8013,2012,300045,34
COLORADO,CO,BOULDER COUNTY,8013,2013,304717,54
COLORADO,CO,BOULDER COUNTY,8013,2014,309538,33
COLORADO,CO,BOULDER COUNTY,8013,2015,312525,32
COLORADO,CO,DENVER COUNTY,8031,2003,552588,107
COLORADO,CO,DENVER COUNTY,8031,2004,550756,111
COLORADO,CO,DENVER COUNTY,8031,2005,551691,140
COLORADO,CO,DENVER COUNTY,8031,2006,556895,144
COLORADO,CO,DENVER COUNTY,8031,2007,564395,148
COLORADO,CO,DENVER COUNTY,8031,2008,575721,170
COLORADO,CO,DENVER COUNTY,8031,2009,589011,160
COLORADO,CO,DENVER COUNTY,8031,2010,603012,121
COLORADO,CO,DENVER COUNTY,8031,2011,620250,163
COLORADO,CO,DENVER COUNTY,8031,2012,620250,120
COLORADO,CO,DENVER COUNTY,8031,2013,634965,116
COLORADO,CO,DENVER COUNTY,8031,2014,649270,130
COLORADO,CO,DENVER COUNTY,8031,2015,664540,107
COLORADO,CO,DOUGLAS COUNTY,8035,2005,243112,11
COLORADO,CO,DOUGLAS COUNTY,8035,2006,256136,19
COLORADO,CO,DOUGLAS COUNTY,8035,2007,267177,11
COLORADO,CO,DOUGLAS COUNTY,8035,2009,281386,20
COLORADO,CO,DOUGLAS COUNTY,8035,2010,287011,14
COLORADO,CO,DOUGLAS COUNTY,8035,2011,292626,28
COLORADO,CO,DOUGLAS COUNTY,8035,2012,292626,20
COLORADO,CO,DOUGLAS COUNTY,8035,2013,298826,27
COLORADO,CO,DOUGLAS COUNTY,8035,2014,306407,15
COLORADO,CO,DOUGLAS COUNTY,8035,2015,314783,18
COLORADO,CO,EL PASO COUNTY,8041,2003,547549,53
COLORADO,CO,EL PASO COUNTY,8041,2004,556667,60
COLORADO,CO,EL PASO COUNTY,8041,2005,565800,83
COLORADO,CO,EL PASO COUNTY,8041,2006,580251,68
COLORADO,CO,EL PASO COUNTY,8041,2007,586783,74
COLORADO,CO,EL PASO COUNTY,8041,2008,597919,88
COLORADO,CO,EL PASO COUNTY,8041,2009,608061,80
COLORADO,CO,EL PASO COUNTY,8041,2010,627088,77
COLORADO,CO,EL PASO COUNTY,8041,2011,637376,94
COLORADO,CO,EL PASO COUNTY,8041,2012,637376,96
COLORADO,CO,EL PASO COUNTY,8041,2013,645900,107
COLORADO,CO,EL PASO COUNTY,8041,2014,655178,132
COLORADO,CO,EL PASO COUNTY,8041,2015,662968,143
COLORADO,CO,JEFFERSON COUNTY,8059,2003,524940,50
COLORADO,CO,JEFFERSON COUNTY,8059,2004,520900,40
COLORADO,CO,JEFFERSON COUNTY,8059,2005,519675,28
COLORADO,CO,JEFFERSON COUNTY,8059,2006,521662,22
COLORADO,CO,JEFFERSON COUNTY,8059,2007,524911,70
COLORADO,CO,JEFFERSON COUNTY,8059,2008,529003,62
COLORADO,CO,JEFFERSON COUNTY,8059,2009,531961,44
COLORADO,CO,JEFFERSON COUNTY,8059,2010,535567,55
COLORADO,CO,JEFFERSON COUNTY,8059,2011,540582,72
COLORADO,CO,JEFFERSON COUNTY,8059,2012,540582,75
COLORADO,CO,JEFFERSON COUNTY,8059,2013,546736,75
COLORADO,CO,JEFFERSON COUNTY,8059,2014,552242,80
COLORADO,CO,JEFFERSON COUNTY,8059,2015,559099,85
COLORADO,CO,LARIMER COUNTY,8069,2003,268448,23
COLORADO,CO,LARIMER COUNTY,8069,2004,271510,28
COLORADO,CO,LARIMER COUNTY,8069,2005,275116,12
COLORADO,CO,LARIMER COUNTY,8069,2006,280713,35
COLORADO,CO,LARIMER COUNTY,8069,2007,286112,30
COLORADO,CO,LARIMER COUNTY,8069,2008,291650,32
COLORADO,CO,LARIMER COUNTY,8069,2009,296696,30
COLORADO,CO,LARIMER COUNTY,8069,2010,300453,32
COLORADO,CO,LARIMER COUNTY,8069,2011,305320,43
COLORADO,CO,LARIMER COUNTY,8069,2012,305320,31
COLORADO,CO,LARIMER COUNTY,8069,2013,310983,58
COLORADO,CO,LARIMER COUNTY,8069,2014,316426,54
COLORADO,CO,LARIMER COUNTY,8069,2015,324272,40
COLORADO,CO,LAS ANIMAS COUNTY,8071,2015,14054,11
COLORADO,CO,MESA COUNTY,8077,2008,143155,10
COLORADO,CO,MESA COUNTY,8077,2009,147851,14
COLORADO,CO,MESA COUNTY,8077,2010,146266,11
COLORADO,CO,MESA COUNTY,8077,2011,147205,25
COLORADO,CO,MESA COUNTY,8077,2012,147205,14
COLORADO,CO,MESA COUNTY,8077,2013,147360,14
COLORADO,CO,MESA COUNTY,8077,2014,147249,17
COLORADO,CO,MESA COUNTY,8077,2015,147215,26
COLORADO,CO,PUEBLO COUNTY,8101,2003,147907,10
COLORADO,CO,PUEBLO COUNTY,8101,2005,149825,21
COLORADO,CO,PUEBLO COUNTY,8101,2006,152026,25
COLORADO,CO,PUEBLO COUNTY,8101,2007,155121,11
COLORADO,CO,PUEBLO COUNTY,8101,2008,156748,15
COLORADO,CO,PUEBLO COUNTY,8101,2009,157846,14
COLORADO,CO,PUEBLO COUNTY,8101,2010,159401,22
COLORADO,CO,PUEBLO COUNTY,8101,2011,160208,20
COLORADO,CO,PUEBLO COUNTY,8101,2012,160208,34
COLORADO,CO,PUEBLO COUNTY,8101,2013,160763,33
COLORADO,CO,PUEBLO COUNTY,8101,2014,161096,37
COLORADO,CO,PUEBLO COUNTY,8101,2015,161434,44
COLORADO,CO,WELD COUNTY,8123,2003,208858,11
COLORADO,CO,WELD COUNTY,8123,2007,237692,21
COLORADO,CO,WELD COUNTY,8123,2008,243442,15
COLORADO,CO,WELD COUNTY,8123,2009,248193,18
COLORADO,CO,WELD COUNTY,8123,2010,254224,18
COLORADO,CO,WELD COUNTY,8123,2011,258867,31
COLORADO,CO,WELD COUNTY,8123,2012,258867,19
COLORADO,CO,WELD COUNTY,8123,2013,264025,20
COLORADO,CO,WELD COUNTY,8123,2014,270105,29
COLORADO,CO,WELD COUNTY,8123,2015,277480,39
FLORIDA,FL,ALACHUA COUNTY,12001,2003,227022,11
FLORIDA,FL,ALACHUA COUNTY,12001,2007,242685,17
FLORIDA,FL,ALACHUA COUNTY,12001,2009,246657,15
FLORIDA,FL,ALACHUA COUNTY,12001,2010,247624,15
FLORIDA,FL,ALACHUA COUNTY,12001,2011,249879,14
FLORIDA,FL,ALACHUA COUNTY,12001,2012,249879,14
FLORIDA,FL,ALACHUA COUNTY,12001,2013,251596,12
FLORIDA,FL,ALACHUA COUNTY,12001,2014,252585,19
FLORIDA,FL,ALACHUA COUNTY,12001,2015,255606,23
FLORIDA,FL,BAY COUNTY,12005,2003,155044,21
FLORIDA,FL,BAY COUNTY,12005,2004,158804,18
FLORIDA,FL,BAY COUNTY,12005,2005,162917,17
FLORIDA,FL,BAY COUNTY,12005,2006,165644,21
FLORIDA,FL,BAY COUNTY,12005,2007,165345,30
FLORIDA,FL,BAY COUNTY,12005,2008,166267,23
FLORIDA,FL,BAY COUNTY,12005,2009,167464,18
FLORIDA,FL,BAY COUNTY,12005,2010,169209,22
FLORIDA,FL,BAY COUNTY,12005,2012,169587,15
FLORIDA,FL,BAY COUNTY,12005,2013,171818,19
FLORIDA,FL,BAY COUNTY,12005,2014,174704,22
FLORIDA,FL,BAY COUNTY,12005,2015,178435,25
FLORIDA,FL,BREVARD COUNTY,12009,2003,504847,97
FLORIDA,FL,BREVARD COUNTY,12009,2004,518722,111
FLORIDA,FL,BREVARD COUNTY,12009,2005,529907,119
FLORIDA,FL,BREVARD COUNTY,12009,2006,535138,107
FLORIDA,FL,BREVARD COUNTY,12009,2007,539719,104
FLORIDA,FL,BREVARD COUNTY,12009,2008,542378,121
FLORIDA,FL,BREVARD COUNTY,12009,2009,542109,135
FLORIDA,FL,BREVARD COUNTY,12009,2010,544000,135
FLORIDA,FL,BREVARD COUNTY,12009,2011,544442,123
FLORIDA,FL,BREVARD COUNTY,12009,2012,544442,113
FLORIDA,FL,BREVARD COUNTY,12009,2013,547119,106
FLORIDA,FL,BREVARD COUNTY,12009,2014,550478,111
FLORIDA,FL,BREVARD COUNTY,12009,2015,555838,155
FLORIDA,FL,BROWARD COUNTY,12011,2003,1707543,230
FLORIDA,FL,BROWARD COUNTY,12011,2004,1725461,272
FLORIDA,FL,BROWARD COUNTY,12011,2005,1746896,277
FLORIDA,FL,BROWARD COUNTY,12011,2006,1739348,258
FLORIDA,FL,BROWARD COUNTY,12011,2007,1720825,262
FLORIDA,FL,BROWARD COUNTY,12011,2008,1723633,313
FLORIDA,FL,BROWARD COUNTY,12011,2009,1733310,305
FLORIDA,FL,BROWARD COUNTY,12011,2010,1752843,262
FLORIDA,FL,BROWARD COUNTY,12011,2011,1787096,233
FLORIDA,FL,BROWARD COUNTY,12011,2012,1787096,228
FLORIDA,FL,BROWARD COUNTY,12011,2013,1814468,199
FLORIDA,FL,BROWARD COUNTY,12011,2014,1836869,220
FLORIDA,FL,BROWARD COUNTY,12011,2015,1861259,279
FLORIDA,FL,CHARLOTTE COUNTY,12015,2004,157755,17
FLORIDA,FL,CHARLOTTE COUNTY,12015,2005,155262,11
FLORIDA,FL,CHARLOTTE COUNTY,12015,2011,159926,10
FLORIDA,FL,CHARLOTTE COUNTY,12015,2014,164801,12
FLORIDA,FL,CHARLOTTE COUNTY,12015,2015,168208,11
FLORIDA,FL,CITRUS COUNTY,12017,2003,126215,16
FLORIDA,FL,CITRUS COUNTY,12017,2004,129840,12
FLORIDA,FL,CITRUS COUNTY,12017,2005,133791,14
FLORIDA,FL,CITRUS COUNTY,12017,2006,137826,23
FLORIDA,FL,CITRUS COUNTY,12017,2007,140974,17
FLORIDA,FL,CITRUS COUNTY,12017,2008,142122,25
FLORIDA,FL,CITRUS COUNTY,12017,2009,141381,19
FLORIDA,FL,CITRUS COUNTY,12017,2010,141177,27
FLORIDA,FL,CITRUS COUNTY,12017,2011,139782,29
FLORIDA,FL,CITRUS COUNTY,12017,2012,139782,37
FLORIDA,FL,CITRUS COUNTY,12017,2013,139215,24
FLORIDA,FL,CITRUS COUNTY,12017,2014,138888,24
FLORIDA,FL,CITRUS COUNTY,12017,2015,138907,25
FLORIDA,FL,CLAY COUNTY,12019,2003,155620,16
FLORIDA,FL,CLAY COUNTY,12019,2004,163238,22
FLORIDA,FL,CLAY COUNTY,12019,2005,169418,14
FLORIDA,FL,CLAY COUNTY,12019,2006,178339,15
FLORIDA,FL,CLAY COUNTY,12019,2007,184256,26
FLORIDA,FL,CLAY COUNTY,12019,2008,187289,19
FLORIDA,FL,CLAY COUNTY,12019,2009,189101,29
FLORIDA,FL,CLAY COUNTY,12019,2010,191453,20
FLORIDA,FL,CLAY COUNTY,12019,2011,192335,23
FLORIDA,FL,CLAY COUNTY,12019,2012,192335,28
FLORIDA,FL,CLAY COUNTY,12019,2013,193909,31
FLORIDA,FL,CLAY COUNTY,12019,2014,195732,26
FLORIDA,FL,CLAY COUNTY,12019,2015,198687,41
FLORIDA,FL,COLLIER COUNTY,12021,2003,285321,29
FLORIDA,FL,COLLIER COUNTY,12021,2004,296021,29
FLORIDA,FL,COLLIER COUNTY,12021,2005,307452,43
FLORIDA,FL,COLLIER COUNTY,12021,2006,312621,43
FLORIDA,FL,COLLIER COUNTY,12021,2007,314437,38
FLORIDA,FL,COLLIER COUNTY,12021,2008,316641,63
FLORIDA,FL,COLLIER COUNTY,12021,2009,318485,54
FLORIDA,FL,COLLIER COUNTY,12021,2010,322576,36
FLORIDA,FL,COLLIER COUNTY,12021,2011,327670,41
FLORIDA,FL,COLLIER COUNTY,12021,2012,327670,31
FLORIDA,FL,COLLIER COUNTY,12021,2013,332330,29
FLORIDA,FL,COLLIER COUNTY,12021,2014,339133,41
FLORIDA,FL,COLLIER COUNTY,12021,2015,347401,48
FLORIDA,FL,COLUMBIA COUNTY,12023,2005,63109,10
FLORIDA,FL,COLUMBIA COUNTY,12023,2008,67318,10
FLORIDA,FL,COLUMBIA COUNTY,12023,2010,67558,17
FLORIDA,FL,COLUMBIA COUNTY,12023,2012,67326,16
FLORIDA,FL,COLUMBIA COUNTY,12023,2013,67903,11
FLORIDA,FL,COLUMBIA COUNTY,12023,2014,67444,11
FLORIDA,FL,COLUMBIA COUNTY,12023,2015,67821,10
FLORIDA,FL,DUVAL COUNTY,12031,2003,809633,127
FLORIDA,FL,DUVAL COUNTY,12031,2004,820070,109
FLORIDA,FL,DUVAL COUNTY,12031,2005,828988,102
FLORIDA,FL,DUVAL COUNTY,12031,2006,842098,146
FLORIDA,FL,DUVAL COUNTY,12031,2007,851033,140
FLORIDA,FL,DUVAL COUNTY,12031,2008,855437,108
FLORIDA,FL,DUVAL COUNTY,12031,2009,859795,137
FLORIDA,FL,DUVAL COUNTY,12031,2010,865653,146
FLORIDA,FL,DUVAL COUNTY,12031,2011,872483,147
FLORIDA,FL,DUVAL COUNTY,12031,2012,872483,165
FLORIDA,FL,DUVAL COUNTY,12031,2013,880349,142
FLORIDA,FL,DUVAL COUNTY,12031,2014,886277,146
FLORIDA,FL,DUVAL COUNTY,12031,2015,897094,169
FLORIDA,FL,ESCAMBIA COUNTY,12033,2003,296603,27
FLORIDA,FL,ESCAMBIA COUNTY,12033,2004,298225,33
FLORIDA,FL,ESCAMBIA COUNTY,12033,2005,298339,32
FLORIDA,FL,ESCAMBIA COUNTY,12033,2006,300395,45
FLORIDA,FL,ESCAMBIA COUNTY,12033,2007,297393,31
FLORIDA,FL,ESCAMBIA COUNTY,12033,2008,296854,28
FLORIDA,FL,ESCAMBIA COUNTY,12033,2009,297015,16
FLORIDA,FL,ESCAMBIA COUNTY,12033,2010,298069,25
FLORIDA,FL,ESCAMBIA COUNTY,12033,2011,299478,29
FLORIDA,FL,ESCAMBIA COUNTY,12033,2012,299478,25
FLORIDA,FL,ESCAMBIA COUNTY,12033,2013,303556,17
FLORIDA,FL,ESCAMBIA COUNTY,12033,2014,306879,35
FLORIDA,FL,ESCAMBIA COUNTY,12033,2015,308200,51
FLORIDA,FL,FLAGLER COUNTY,12035,2011,97473,16
FLORIDA,FL,FLAGLER COUNTY,12035,2015,101961,11
FLORIDA,FL,HERNANDO COUNTY,12053,2003,142686,15
FLORIDA,FL,HERNANDO COUNTY,12053,2004,149593,14
FLORIDA,FL,HERNANDO COUNTY,12053,2005,157156,19
FLORIDA,FL,HERNANDO COUNTY,12053,2006,164398,25
FLORIDA,FL,HERNANDO COUNTY,12053,2007,169891,36
FLORIDA,FL,HERNANDO COUNTY,12053,2008,172437,45
FLORIDA,FL,HERNANDO COUNTY,12053,2009,171950,43
FLORIDA,FL,HERNANDO COUNTY,12053,2010,172978,50
FLORIDA,FL,HERNANDO COUNTY,12053,2011,172877,33
FLORIDA,FL,HERNANDO COUNTY,12053,2012,172877,25
FLORIDA,FL,HERNANDO COUNTY,12053,2013,172777,38
FLORIDA,FL,HERNANDO COUNTY,12053,2014,173721,25
FLORIDA,FL,HERNANDO COUNTY,12053,2015,175411,27
FLORIDA,FL,HIGHLANDS COUNTY,12055,2003,90943,10
FLORIDA,FL,HIGHLANDS COUNTY,12055,2011,98493,17
FLORIDA,FL,HIGHLANDS COUNTY,12055,2012,98493,11
FLORIDA,FL,HIGHLANDS COUNTY,12055,2013,98244,17
FLORIDA,FL,HIGHLANDS COUNTY,12055,2014,98118,13
FLORIDA,FL,HILLSBOROUGH COUNTY,12057,2003,1077462,126
FLORIDA,FL,HILLSBOROUGH COUNTY,12057,2004,1108225,146
FLORIDA,FL,HILLSBOROUGH COUNTY,12057,2005,1143154,162
FLORIDA,FL,HILLSBOROUGH COUNTY,12057,2006,1171826,185
FLORIDA,FL,HILLSBOROUGH COUNTY,12057,2007,1184686,257
FLORIDA,FL,HILLSBOROUGH COUNTY,12057,2008,1196773,244
FLORIDA,FL,HILLSBOROUGH COUNTY,12057,2009,1214050,270
FLORIDA,FL,HILLSBOROUGH COUNTY,12057,2010,1233511,259
FLORIDA,FL,HILLSBOROUGH COUNTY,12057,2011,1255639,242
FLORIDA,FL,HILLSBOROUGH COUNTY,12057,2012,1255639,185
FLORIDA,FL,HILLSBOROUGH COUNTY,12057,2013,1279861,163
FLORIDA,FL,HILLSBOROUGH COUNTY,12057,2014,1304474,163
FLORIDA,FL,HILLSBOROUGH COUNTY,12057,2015,1332742,176
FLORIDA,FL,INDIAN RIVER COUNTY,12061,2003,120450,10
FLORIDA,FL,INDIAN RIVER COUNTY,12061,2004,125001,10
FLORIDA,FL,INDIAN RIVER COUNTY,12061,2005,127955,15
FLORIDA,FL,INDIAN RIVER COUNTY,12061,2006,131463,23
FLORIDA,FL,INDIAN RIVER COUNTY,12061,2007,134564,22
FLORIDA,FL,INDIAN RIVER COUNTY,12061,2008,136277,29
FLORIDA,FL,INDIAN RIVER COUNTY,12061,2009,137016,31
FLORIDA,FL,INDIAN RIVER COUNTY,12061,2010,138277,18
FLORIDA,FL,INDIAN RIVER COUNTY,12061,2011,139122,25
FLORIDA,FL,INDIAN RIVER COUNTY,12061,2012,139122,17
FLORIDA,FL,INDIAN RIVER COUNTY,12061,2013,140515,11
FLORIDA,FL,INDIAN RIVER COUNTY,12061,2014,141961,22
FLORIDA,FL,INDIAN RIVER COUNTY,12061,2015,144532,17
FLORIDA,FL,LAKE COUNTY,12069,2003,241489,17
FLORIDA,FL,LAKE COUNTY,12069,2004,254625,10
FLORIDA,FL,LAKE COUNTY,12069,2005,267587,18
FLORIDA,FL,LAKE COUNTY,12069,2006,281329,16
FLORIDA,FL,LAKE COUNTY,12069,2007,289909,20
FLORIDA,FL,LAKE COUNTY,12069,2008,293654,24
FLORIDA,FL,LAKE COUNTY,12069,2009,295511,32
FLORIDA,FL,LAKE COUNTY,12069,2010,297724,34
FLORIDA,FL,LAKE COUNTY,12069,2011,300547,38
FLORIDA,FL,LAKE COUNTY,12069,2012,300547,26
FLORIDA,FL,LAKE COUNTY,12069,2013,303806,22
FLORIDA,FL,LAKE COUNTY,12069,2014,308088,40
FLORIDA,FL,LAKE COUNTY,12069,2015,315493,48
FLORIDA,FL,LEE COUNTY,12071,2003,497662,77
FLORIDA,FL,LEE COUNTY,12071,2004,522431,98
FLORIDA,FL,LEE COUNTY,12071,2005,555029,81
FLORIDA,FL,LEE COUNTY,12071,2006,582678,98
FLORIDA,FL,LEE COUNTY,12071,2007,604716,98
FLORIDA,FL,LEE COUNTY,12071,2008,610984,95
FLORIDA,FL,LEE COUNTY,12071,2009,612297,93
FLORIDA,FL,LEE COUNTY,12071,2010,620481,106
FLORIDA,FL,LEE COUNTY,12071,2011,631198,96
FLORIDA,FL,LEE COUNTY,12071,2012,631198,67
FLORIDA,FL,LEE COUNTY,12071,2013,644451,60
FLORIDA,FL,LEE COUNTY,12071,2014,660197,86
FLORIDA,FL,LEE COUNTY,12071,2015,677710,102
FLORIDA,FL,LEON COUNTY,12073,2003,250673,11
FLORIDA,FL,LEON COUNTY,12073,2005,258083,16
FLORIDA,FL,LEON COUNTY,12073,2007,268519,13
FLORIDA,FL,LEON COUNTY,12073,2008,271130,14
FLORIDA,FL,LEON COUNTY,12073,2011,278420,13
FLORIDA,FL,LEON COUNTY,12073,2013,283707,11
FLORIDA,FL,LEON COUNTY,12073,2014,282006,18
FLORIDA,FL,LEON COUNTY,12073,2015,283923,14
FLORIDA,FL,LEVY COUNTY,12075,2012,40165,13
FLORIDA,FL,MANATEE COUNTY,12081,2003,287000,42
FLORIDA,FL,MANATEE COUNTY,12081,2004,296183,46
FLORIDA,FL,MANATEE COUNTY,12081,2005,306845,43
FLORIDA,FL,MANATEE COUNTY,12081,2006,313771,54
FLORIDA,FL,MANATEE COUNTY,12081,2007,316410,46
FLORIDA,FL,MANATEE COUNTY,12081,2008,318766,45
FLORIDA,FL,MANATEE COUNTY,12081,2009,320711,74
FLORIDA,FL,MANATEE COUNTY,12081,2010,323442,76
FLORIDA,FL,MANATEE COUNTY,12081,2011,327619,73
FLORIDA,FL,MANATEE COUNTY,12081,2012,327619,40
FLORIDA,FL,MANATEE COUNTY,12081,2013,333965,69
FLORIDA,FL,MANATEE COUNTY,12081,2014,342024,91
FLORIDA,FL,MANATEE COUNTY,12081,2015,351080,148
FLORIDA,FL,MARION COUNTY,12083,2003,280091,43
FLORIDA,FL,MARION COUNTY,12083,2004,291164,18
FLORIDA,FL,MARION COUNTY,12083,2005,303558,28
FLORIDA,FL,MARION COUNTY,12083,2006,316310,55
FLORIDA,FL,MARION COUNTY,12083,2007,325634,30
FLORIDA,FL,MARION COUNTY,12083,2008,330052,38
FLORIDA,FL,MARION COUNTY,12083,2009,330880,53
FLORIDA,FL,MARION COUNTY,12083,2010,331341,51
FLORIDA,FL,MARION COUNTY,12083,2011,332325,46
FLORIDA,FL,MARION COUNTY,12083,2012,332325,44
FLORIDA,FL,MARION COUNTY,12083,2013,333945,45
FLORIDA,FL,MARION COUNTY,12083,2014,335196,57
FLORIDA,FL,MARION COUNTY,12083,2015,338165,42
FLORIDA,FL,MARTIN COUNTY,12085,2003,136598,15
FLORIDA,FL,MARTIN COUNTY,12085,2004,139729,16
FLORIDA,FL,MARTIN COUNTY,12085,2005,141912,25
FLORIDA,FL,MARTIN COUNTY,12085,2006,141802,17
FLORIDA,FL,MARTIN COUNTY,12085,2007,143542,27
FLORIDA,FL,MARTIN COUNTY,12085,2008,144369,22
FLORIDA,FL,MARTIN COUNTY,12085,2009,145506,24
FLORIDA,FL,MARTIN COUNTY,12085,2010,146912,20
FLORIDA,FL,MARTIN COUNTY,12085,2011,147904,22
FLORIDA,FL,MARTIN COUNTY,12085,2012,147904,17
FLORIDA,FL,MARTIN COUNTY,12085,2013,149032,18
FLORIDA,FL,MARTIN COUNTY,12085,2014,151197,16
FLORIDA,FL,MARTIN COUNTY,12085,2015,153218,23
FLORIDA,FL,MIAMI-DADE COUNTY,12086,2003,2336070,94
FLORIDA,FL,MIAMI-DADE COUNTY,12086,2004,2358684,123
FLORIDA,FL,MIAMI-DADE COUNTY,12086,2005,2385872,124
FLORIDA,FL,MIAMI-DADE COUNTY,12086,2006,2405911,142
FLORIDA,FL,MIAMI-DADE COUNTY,12086,2007,2415576,149
FLORIDA,FL,MIAMI-DADE COUNTY,12086,2008,2436062,149
FLORIDA,FL,MIAMI-DADE COUNTY,12086,2009,2463943,155
FLORIDA,FL,MIAMI-DADE COUNTY,12086,2010,2506986,98
FLORIDA,FL,MIAMI-DADE COUNTY,12086,2011,2544511,122
FLORIDA,FL,MIAMI-DADE COUNTY,12086,2012,2544511,135
FLORIDA,FL,MIAMI-DADE COUNTY,12086,2013,2576473,110
FLORIDA,FL,MIAMI-DADE COUNTY,12086,2014,2609570,139
FLORIDA,FL,MIAMI-DADE COUNTY,12086,2015,2634056,202
FLORIDA,FL,MONROE COUNTY,12087,2003,78497,17
FLORIDA,FL,MONROE COUNTY,12087,2004,77616,14
FLORIDA,FL,MONROE COUNTY,12087,2006,73793,15
FLORIDA,FL,MONROE COUNTY,12087,2007,72906,17
FLORIDA,FL,MONROE COUNTY,12087,2008,72730,18
FLORIDA,FL,MONROE COUNTY,12087,2010,73226,16
FLORIDA,FL,MONROE COUNTY,12087,2011,73988,20
FLORIDA,FL,MONROE COUNTY,12087,2014,75878,10
FLORIDA,FL,MONROE COUNTY,12087,2015,76353,19
FLORIDA,FL,NASSAU COUNTY,12089,2004,63699,13
FLORIDA,FL,NASSAU COUNTY,12089,2005,65568,17
FLORIDA,FL,NASSAU COUNTY,12089,2007,69969,10
FLORIDA,FL,NASSAU COUNTY,12089,2008,71557,17
FLORIDA,FL,NASSAU COUNTY,12089,2009,72671,10
FLORIDA,FL,NASSAU COUNTY,12089,2010,73526,14
FLORIDA,FL,NASSAU COUNTY,12089,2011,74166,13
FLORIDA,FL,NASSAU COUNTY,12089,2012,74166,16
FLORIDA,FL,NASSAU COUNTY,12089,2013,74546,14
FLORIDA,FL,OKALOOSA COUNTY,12091,2003,177649,20
FLORIDA,FL,OKALOOSA COUNTY,12091,2004,182506,22
FLORIDA,FL,OKALOOSA COUNTY,12091,2005,184045,21
FLORIDA,FL,OKALOOSA COUNTY,12091,2006,184071,27
FLORIDA,FL,OKALOOSA COUNTY,12091,2007,182677,29
FLORIDA,FL,OKALOOSA COUNTY,12091,2008,181752,16
FLORIDA,FL,OKALOOSA COUNTY,12091,2009,181153,16
FLORIDA,FL,OKALOOSA COUNTY,12091,2010,180725,13
FLORIDA,FL,OKALOOSA COUNTY,12091,2011,183205,16
FLORIDA,FL,OKALOOSA COUNTY,12091,2012,183205,14
FLORIDA,FL,OKALOOSA COUNTY,12091,2014,192969,17
FLORIDA,FL,OKALOOSA COUNTY,12091,2015,195074,39
FLORIDA,FL,OKEECHOBEE COUNTY,12093,2008,39968,11
FLORIDA,FL,OKEECHOBEE COUNTY,12093,2011,39854,10
FLORIDA,FL,OKEECHOBEE COUNTY,12093,2012,39854,10
FLORIDA,FL,OKEECHOBEE COUNTY,12093,2015,39550,10
FLORIDA,FL,ORANGE COUNTY,12095,2003,979227,83
FLORIDA,FL,ORANGE COUNTY,12095,2004,1011681,97
FLORIDA,FL,ORANGE COUNTY,12095,2005,1053341,90
FLORIDA,FL,ORANGE COUNTY,12095,2006,1083429,108
FLORIDA,FL,ORANGE COUNTY,12095,2007,1100663,110
FLORIDA,FL,ORANGE COUNTY,12095,2008,1115525,120
FLORIDA,FL,ORANGE COUNTY,12095,2009,1131351,120
FLORIDA,FL,ORANGE COUNTY,12095,2010,1148590,149
FLORIDA,FL,ORANGE COUNTY,12095,2011,1170699,148
FLORIDA,FL,ORANGE COUNTY,12095,2012,1170699,131
FLORIDA,FL,ORANGE COUNTY,12095,2013,1202716,122
FLORIDA,FL,ORANGE COUNTY,12095,2014,1227761,177
FLORIDA,FL,ORANGE COUNTY,12095,2015,1257031,195
FLORIDA,FL,OSCEOLA COUNTY,12097,2003,202687,12
FLORIDA,FL,OSCEOLA COUNTY,12097,2004,216541,13
FLORIDA,FL,OSCEOLA COUNTY,12097,2005,228026,16
FLORIDA,FL,OSCEOLA COUNTY,12097,2006,242081,13
FLORIDA,FL,OSCEOLA COUNTY,12097,2007,253722,26
FLORIDA,FL,OSCEOLA COUNTY,12097,2008,261746,18
FLORIDA,FL,OSCEOLA COUNTY,12097,2009,265267,15
FLORIDA,FL,OSCEOLA COUNTY,12097,2010,269841,22
FLORIDA,FL,OSCEOLA COUNTY,12097,2011,278669,35
FLORIDA,FL,OSCEOLA COUNTY,12097,2012,278669,29
FLORIDA,FL,OSCEOLA COUNTY,12097,2013,288932,27
FLORIDA,FL,OSCEOLA COUNTY,12097,2014,299322,36
FLORIDA,FL,OSCEOLA COUNTY,12097,2015,311150,37
FLORIDA,FL,PALM BEACH COUNTY,12099,2003,1218100,199
FLORIDA,FL,PALM BEACH COUNTY,12099,2004,1252223,196
FLORIDA,FL,PALM BEACH COUNTY,12099,2005,1278380,229
FLORIDA,FL,PALM BEACH COUNTY,12099,2006,1284489,211
FLORIDA,FL,PALM BEACH COUNTY,12099,2007,1286586,262
FLORIDA,FL,PALM BEACH COUNTY,12099,2008,1294938,271
FLORIDA,FL,PALM BEACH COUNTY,12099,2009,1307371,276
FLORIDA,FL,PALM BEACH COUNTY,12099,2010,1323631,230
FLORIDA,FL,PALM BEACH COUNTY,12099,2011,1336875,203
FLORIDA,FL,PALM BEACH COUNTY,12099,2012,1336875,185
FLORIDA,FL,PALM BEACH COUNTY,12099,2013,1355149,233
FLORIDA,FL,PALM BEACH COUNTY,12099,2014,1376782,236
FLORIDA,FL,PALM BEACH COUNTY,12099,2015,1399064,317
FLORIDA,FL,PASCO COUNTY,12101,2003,383238,62
FLORIDA,FL,PASCO COUNTY,12101,2004,401648,83
FLORIDA,FL,PASCO COUNTY,12101,2005,421844,84
FLORIDA,FL,PASCO COUNTY,12101,2006,439529,101
FLORIDA,FL,PASCO COUNTY,12101,2007,453579,125
FLORIDA,FL,PASCO COUNTY,12101,2008,461313,147
FLORIDA,FL,PASCO COUNTY,12101,2009,462607,166
FLORIDA,FL,PASCO COUNTY,12101,2010,465516,173
FLORIDA,FL,PASCO COUNTY,12101,2011,466529,147
FLORIDA,FL,PASCO COUNTY,12101,2012,466529,109
FLORIDA,FL,PASCO COUNTY,12101,2013,469755,99
FLORIDA,FL,PASCO COUNTY,12101,2014,474501,105
FLORIDA,FL,PASCO COUNTY,12101,2015,483590,113
FLORIDA,FL,PINELLAS COUNTY,12103,2003,926266,135
FLORIDA,FL,PINELLAS COUNTY,12103,2004,928305,182
FLORIDA,FL,PINELLAS COUNTY,12103,2005,929426,176
FLORIDA,FL,PINELLAS COUNTY,12103,2006,924182,213
FLORIDA,FL,PINELLAS COUNTY,12103,2007,918624,235
FLORIDA,FL,PINELLAS COUNTY,12103,2008,916458,264
FLORIDA,FL,PINELLAS COUNTY,12103,2009,915330,265
FLORIDA,FL,PINELLAS COUNTY,12103,2010,916428,284
FLORIDA,FL,PINELLAS COUNTY,12103,2011,918574,244
FLORIDA,FL,PINELLAS COUNTY,12103,2012,918574,221
FLORIDA,FL,PINELLAS COUNTY,12103,2013,921863,176
FLORIDA,FL,PINELLAS COUNTY,12103,2014,928755,190
FLORIDA,FL,PINELLAS COUNTY,12103,2015,936862,190
FLORIDA,FL,POLK COUNTY,12105,2003,513058,42
FLORIDA,FL,POLK COUNTY,12105,2004,527685,62
FLORIDA,FL,POLK COUNTY,12105,2005,547373,60
FLORIDA,FL,POLK COUNTY,12105,2006,568324,67
FLORIDA,FL,POLK COUNTY,12105,2007,585982,82
FLORIDA,FL,POLK COUNTY,12105,2008,594801,95
FLORIDA,FL,POLK COUNTY,12105,2009,598683,103
FLORIDA,FL,POLK COUNTY,12105,2010,603119,86
FLORIDA,FL,POLK COUNTY,12105,2011,610026,112
FLORIDA,FL,POLK COUNTY,12105,2012,610026,84
FLORIDA,FL,POLK COUNTY,12105,2013,615581,88
FLORIDA,FL,POLK COUNTY,12105,2014,622808,93
FLORIDA,FL,POLK COUNTY,12105,2015,634624,96
FLORIDA,FL,PUTNAM COUNTY,12107,2004,72831,10
FLORIDA,FL,PUTNAM COUNTY,12107,2010,74223,21
FLORIDA,FL,PUTNAM COUNTY,12107,2011,73657,17
FLORIDA,FL,SANTA ROSA COUNTY,12113,2003,131463,21
FLORIDA,FL,SANTA ROSA COUNTY,12113,2004,137241,18
FLORIDA,FL,SANTA ROSA COUNTY,12113,2005,141132,22
FLORIDA,FL,SANTA ROSA COUNTY,12113,2006,142983,28
FLORIDA,FL,SANTA ROSA COUNTY,12113,2007,146158,20
FLORIDA,FL,SANTA ROSA COUNTY,12113,2008,148538,21
FLORIDA,FL,SANTA ROSA COUNTY,12113,2009,149544,11
FLORIDA,FL,SANTA ROSA COUNTY,12113,2010,152924,17
FLORIDA,FL,SANTA ROSA COUNTY,12113,2011,155796,18
FLORIDA,FL,SANTA ROSA COUNTY,12113,2012,155796,10
FLORIDA,FL,SANTA ROSA COUNTY,12113,2013,158285,11
FLORIDA,FL,SANTA ROSA COUNTY,12113,2014,160519,13
FLORIDA,FL,SANTA ROSA COUNTY,12113,2015,162840,22
FLORIDA,FL,SARASOTA COUNTY,12115,2003,347862,62
FLORIDA,FL,SARASOTA COUNTY,12115,2004,357751,59
FLORIDA,FL,SARASOTA COUNTY,12115,2005,367912,60
FLORIDA,FL,SARASOTA COUNTY,12115,2006,371361,76
FLORIDA,FL,SARASOTA COUNTY,12115,2007,375325,76
FLORIDA,FL,SARASOTA COUNTY,12115,2008,377178,71
FLORIDA,FL,SARASOTA COUNTY,12115,2009,377262,75
FLORIDA,FL,SARASOTA COUNTY,12115,2010,379942,83
FLORIDA,FL,SARASOTA COUNTY,12115,2011,382298,84
FLORIDA,FL,SARASOTA COUNTY,12115,2012,382298,71
FLORIDA,FL,SARASOTA COUNTY,12115,2013,386585,67
FLORIDA,FL,SARASOTA COUNTY,12115,2014,390153,54
FLORIDA,FL,SARASOTA COUNTY,12115,2015,396636,96
FLORIDA,FL,SEMINOLE COUNTY,12117,2003,388141,33
FLORIDA,FL,SEMINOLE COUNTY,12117,2004,395230,23
FLORIDA,FL,SEMINOLE COUNTY,12117,2005,406840,41
FLORIDA,FL,SEMINOLE COUNTY,12117,2006,413218,47
FLORIDA,FL,SEMINOLE COUNTY,12117,2007,413571,49
FLORIDA,FL,SEMINOLE COUNTY,12117,2008,416564,41
FLORIDA,FL,SEMINOLE COUNTY,12117,2009,419788,72
FLORIDA,FL,SEMINOLE COUNTY,12117,2010,423072,61
FLORIDA,FL,SEMINOLE COUNTY,12117,2011,426382,60
FLORIDA,FL,SEMINOLE COUNTY,12117,2012,426382,40
FLORIDA,FL,SEMINOLE COUNTY,12117,2013,430626,45
FLORIDA,FL,SEMINOLE COUNTY,12117,2014,435640,49
FLORIDA,FL,SEMINOLE COUNTY,12117,2015,441583,63
FLORIDA,FL,ST. JOHNS COUNTY,12109,2004,151717,10
FLORIDA,FL,ST. JOHNS COUNTY,12109,2007,175318,13
FLORIDA,FL,ST. JOHNS COUNTY,12109,2009,186281,11
FLORIDA,FL,ST. JOHNS COUNTY,12109,2010,191268,15
FLORIDA,FL,ST. JOHNS COUNTY,12109,2011,196165,19
FLORIDA,FL,ST. JOHNS COUNTY,12109,2012,196165,13
FLORIDA,FL,ST. JOHNS COUNTY,12109,2013,202164,11
FLORIDA,FL,ST. JOHNS COUNTY,12109,2014,209579,17
FLORIDA,FL,ST. JOHNS COUNTY,12109,2015,218009,17
FLORIDA,FL,ST. LUCIE COUNTY,12111,2003,214924,21
FLORIDA,FL,ST. LUCIE COUNTY,12111,2004,228548,27
FLORIDA,FL,ST. LUCIE COUNTY,12111,2005,241965,25
FLORIDA,FL,ST. LUCIE COUNTY,12111,2006,255251,28
FLORIDA,FL,ST. LUCIE COUNTY,12111,2007,266860,46
FLORIDA,FL,ST. LUCIE COUNTY,12111,2008,273151,34
FLORIDA,FL,ST. LUCIE COUNTY,12111,2009,274344,46
FLORIDA,FL,ST. LUCIE COUNTY,12111,2010,278290,43
FLORIDA,FL,ST. LUCIE COUNTY,12111,2011,280481,40
FLORIDA,FL,ST. LUCIE COUNTY,12111,2012,280481,29
FLORIDA,FL,ST. LUCIE COUNTY,12111,2013,283042,33
FLORIDA,FL,ST. LUCIE COUNTY,12111,2014,285437,39
FLORIDA,FL,ST. LUCIE COUNTY,12111,2015,290207,51
FLORIDA,FL,SUMTER COUNTY,12119,2015,112354,12
FLORIDA,FL,VOLUSIA COUNTY,12127,2003,466074,48
FLORIDA,FL,VOLUSIA COUNTY,12127,2004,476845,74
FLORIDA,FL,VOLUSIA COUNTY,12127,2005,486297,85
FLORIDA,FL,VOLUSIA COUNTY,12127,2006,494748,80
FLORIDA,FL,VOLUSIA COUNTY,12127,2007,498935,71
FLORIDA,FL,VOLUSIA COUNTY,12127,2008,497366,101
FLORIDA,FL,VOLUSIA COUNTY,12127,2009,494688,106
FLORIDA,FL,VOLUSIA COUNTY,12127,2010,494462,104
FLORIDA,FL,VOLUSIA COUNTY,12127,2011,494558,89
FLORIDA,FL,VOLUSIA COUNTY,12127,2012,494558,85
FLORIDA,FL,VOLUSIA COUNTY,12127,2013,496711,100
FLORIDA,FL,VOLUSIA COUNTY,12127,2014,500702,75
FLORIDA,FL,VOLUSIA COUNTY,12127,2015,507050,98
FLORIDA,FL,WALTON COUNTY,12131,2005,49392,10
FLORIDA,FL,WALTON COUNTY,12131,2006,51145,16
FLORIDA,FL,WALTON COUNTY,12131,2007,52355,12
GEORGIA,GA,BARROW COUNTY,13013,2006,61395,10
GEORGIA,GA,BARROW COUNTY,13013,2008,67362,10
GEORGIA,GA,BARROW COUNTY,13013,2010,69670,12
GEORGIA,GA,BARROW COUNTY,13013,2012,69835,10
GEORGIA,GA,BARROW COUNTY,13013,2014,71233,11
GEORGIA,GA,BARTOW COUNTY,13015,2004,87834,13
GEORGIA,GA,BARTOW COUNTY,13015,2008,98415,14
GEORGIA,GA,BARTOW COUNTY,13015,2010,100041,20
GEORGIA,GA,BARTOW COUNTY,13015,2011,100110,17
GEORGIA,GA,BARTOW COUNTY,13015,2012,100110,13
GEORGIA,GA,BARTOW COUNTY,13015,2014,100923,16
GEORGIA,GA,BARTOW COUNTY,13015,2015,101251,18
GEORGIA,GA,BIBB COUNTY,13021,2003,153697,13
GEORGIA,GA,BIBB COUNTY,13021,2004,154159,11
GEORGIA,GA,BIBB COUNTY,13021,2005,154003,24
GEORGIA,GA,BIBB COUNTY,13021,2007,154286,12
GEORGIA,GA,BIBB COUNTY,13021,2008,154384,14
GEORGIA,GA,BIBB COUNTY,13021,2009,155154,12
GEORGIA,GA,BIBB COUNTY,13021,2010,155878,12
GEORGIA,GA,BIBB COUNTY,13021,2011,156297,17
GEORGIA,GA,BIBB COUNTY,13021,2012,156297,10
GEORGIA,GA,BIBB COUNTY,13021,2013,156701,14
GEORGIA,GA,BIBB COUNTY,13021,2014,155138,11
GEORGIA,GA,BIBB COUNTY,13021,2015,154447,14
GEORGIA,GA,CAMDEN COUNTY,13039,2011,50344,10
GEORGIA,GA,CARROLL COUNTY,13045,2004,99774,14
GEORGIA,GA,CARROLL COUNTY,13045,2005,102526,16
GEORGIA,GA,CARROLL COUNTY,13045,2006,105853,14
GEORGIA,GA,CARROLL COUNTY,13045,2007,108947,22
GEORGIA,GA,CARROLL COUNTY,13045,2008,110242,24
GEORGIA,GA,CARROLL COUNTY,13045,2009,110433,26
GEORGIA,GA,CARROLL COUNTY,13045,2010,110655,17
GEORGIA,GA,CARROLL COUNTY,13045,2011,110733,22
GEORGIA,GA,CARROLL COUNTY,13045,2012,110733,13
GEORGIA,GA,CARROLL COUNTY,13045,2013,111428,16
GEORGIA,GA,CARROLL COUNTY,13045,2014,112290,17
GEORGIA,GA,CARROLL COUNTY,13045,2015,113970,18
GEORGIA,GA,CATOOSA COUNTY,13047,2004,58866,11
GEORGIA,GA,CATOOSA COUNTY,13047,2005,59745,11
GEORGIA,GA,CATOOSA COUNTY,13047,2006,61095,10
GEORGIA,GA,CATOOSA COUNTY,13047,2008,63271,11
GEORGIA,GA,CATOOSA COUNTY,13047,2011,64771,10
GEORGIA,GA,CATOOSA COUNTY,13047,2012,64771,20
GEORGIA,GA,CATOOSA COUNTY,13047,2014,65258,12
GEORGIA,GA,CATOOSA COUNTY,13047,2015,65516,12
GEORGIA,GA,CHATHAM COUNTY,13051,2004,240818,22
GEORGIA,GA,CHATHAM COUNTY,13051,2005,242242,11
GEORGIA,GA,CHATHAM COUNTY,13051,2006,246896,18
GEORGIA,GA,CHATHAM COUNTY,13051,2007,251981,26
GEORGIA,GA,CHATHAM COUNTY,13051,2008,255269,17
GEORGIA,GA,CHATHAM COUNTY,13051,2009,262122,16
GEORGIA,GA,CHATHAM COUNTY,13051,2010,265799,23
GEORGIA,GA,CHATHAM COUNTY,13051,2011,271665,22
GEORGIA,GA,CHATHAM COUNTY,13051,2012,271665,23
GEORGIA,GA,CHATHAM COUNTY,13051,2013,276243,28
GEORGIA,GA,CHATHAM COUNTY,13051,2014,277790,21
GEORGIA,GA,CHATHAM COUNTY,13051,2015,282396,24
GEORGIA,GA,CHEROKEE COUNTY,13057,2003,165585,13
GEORGIA,GA,CHEROKEE COUNTY,13057,2004,173105,10
GEORGIA,GA,CHEROKEE COUNTY,13057,2005,182128,17
GEORGIA,GA,CHEROKEE COUNTY,13057,2006,193241,12
GEORGIA,GA,CHEROKEE COUNTY,13057,2007,202544,22
GEORGIA,GA,CHEROKEE COUNTY,13057,2008,208271,16
GEORGIA,GA,CHEROKEE COUNTY,13057,2009,212232,20
GEORGIA,GA,CHEROKEE COUNTY,13057,2010,215226,26
GEORGIA,GA,CHEROKEE COUNTY,13057,2011,217769,19
GEORGIA,GA,CHEROKEE COUNTY,13057,2012,217769,20
GEORGIA,GA,CHEROKEE COUNTY,13057,2013,220690,28
GEORGIA,GA,CHEROKEE COUNTY,13057,2014,224372,35
GEORGIA,GA,CHEROKEE COUNTY,13057,2015,230239,50
GEORGIA,GA,CLARKE COUNTY,13059,2011,118229,13
GEORGIA,GA,CLARKE COUNTY,13059,2012,118229,12
GEORGIA,GA,CLARKE COUNTY,13059,2015,120437,10
GEORGIA,GA,CLAYTON COUNTY,13063,2003,252631,18
GEORGIA,GA,CLAYTON COUNTY,13063,2004,255322,18
GEORGIA,GA,CLAYTON COUNTY,13063,2005,256292,17
GEORGIA,GA,CLAYTON COUNTY,13063,2006,258552,18
GEORGIA,GA,CLAYTON COUNTY,13063,2007,260441,19
GEORGIA,GA,CLAYTON COUNTY,13063,2008,262099,13
GEORGIA,GA,CLAYTON COUNTY,13063,2009,260067,19
GEORGIA,GA,CLAYTON COUNTY,13063,2010,259899,19
GEORGIA,GA,CLAYTON COUNTY,13063,2011,262081,20
GEORGIA,GA,CLAYTON COUNTY,13063,2012,262081,30
GEORGIA,GA,CLAYTON COUNTY,13063,2013,265371,16
GEORGIA,GA,CLAYTON COUNTY,13063,2014,264133,16
GEORGIA,GA,CLAYTON COUNTY,13063,2015,266757,22
GEORGIA,GA,COBB COUNTY,13067,2003,634638,34
GEORGIA,GA,COBB COUNTY,13067,2004,640346,44
GEORGIA,GA,COBB COUNTY,13067,2005,646754,40
GEORGIA,GA,COBB COUNTY,13067,2006,661913,49
GEORGIA,GA,COBB COUNTY,13067,2007,670438,45
GEORGIA,GA,COBB COUNTY,13067,2008,679822,60
GEORGIA,GA,COBB COUNTY,13067,2009,684776,71
GEORGIA,GA,COBB COUNTY,13067,2010,689542,50
GEORGIA,GA,COBB COUNTY,13067,2011,696629,65
GEORGIA,GA,COBB COUNTY,13067,2012,696629,77
GEORGIA,GA,COBB COUNTY,13067,2013,706517,104
GEORGIA,GA,COBB COUNTY,13067,2014,716265,119
GEORGIA,GA,COBB COUNTY,13067,2015,727847,100
GEORGIA,GA,COLUMBIA COUNTY,13073,2005,106477,14
GEORGIA,GA,COLUMBIA COUNTY,13073,2010,124951,15
GEORGIA,GA,COLUMBIA COUNTY,13073,2012,128832,12
GEORGIA,GA,COLUMBIA COUNTY,13073,2013,132601,11
GEORGIA,GA,COLUMBIA COUNTY,13073,2014,136232,14
GEORGIA,GA,COLUMBIA COUNTY,13073,2015,139223,16
GEORGIA,GA,COWETA COUNTY,13077,2004,104089,10
GEORGIA,GA,COWETA COUNTY,13077,2005,108371,11
GEORGIA,GA,COWETA COUNTY,13077,2007,118156,11
GEORGIA,GA,COWETA COUNTY,13077,2008,122281,10
GEORGIA,GA,COWETA COUNTY,13077,2009,125501,16
GEORGIA,GA,COWETA COUNTY,13077,2011,129390,12
GEORGIA,GA,COWETA COUNTY,13077,2012,129390,17
GEORGIA,GA,COWETA COUNTY,13077,2014,132980,12
GEORGIA,GA,COWETA COUNTY,13077,2015,135191,13
GEORGIA,GA,DEKALB COUNTY,13089,2003,668148,25
GEORGIA,GA,DEKALB COUNTY,13089,2004,666204,25
GEORGIA,GA,DEKALB COUNTY,13089,2005,668998,22
GEORGIA,GA,DEKALB COUNTY,13089,2006,676687,29
GEORGIA,GA,DEKALB COUNTY,13089,2007,680962,39
GEORGIA,GA,DEKALB COUNTY,13089,2008,685646,33
GEORGIA,GA,DEKALB COUNTY,13089,2009,690658,28
GEORGIA,GA,DEKALB COUNTY,13089,2010,692536,40
GEORGIA,GA,DEKALB COUNTY,13089,2011,698496,44
GEORGIA,GA,DEKALB COUNTY,13089,2012,698496,40
GEORGIA,GA,DEKALB COUNTY,13089,2013,710783,34
GEORGIA,GA,DEKALB COUNTY,13089,2014,718026,50
GEORGIA,GA,DEKALB COUNTY,13089,2015,725247,65
GEORGIA,GA,DOUGHERTY COUNTY,13095,2012,95080,10
GEORGIA,GA,DOUGLAS COUNTY,13097,2006,119918,14
GEORGIA,GA,DOUGLAS COUNTY,13097,2008,129508,10
GEORGIA,GA,DOUGLAS COUNTY,13097,2010,132575,10
GEORGIA,GA,DOUGLAS COUNTY,13097,2011,133128,14
GEORGIA,GA,DOUGLAS COUNTY,13097,2012,133128,10
GEORGIA,GA,DOUGLAS COUNTY,13097,2013,133597,10
GEORGIA,GA,DOUGLAS COUNTY,13097,2014,136081,22
GEORGIA,GA,DOUGLAS COUNTY,13097,2015,138082,17
GEORGIA,GA,FANNIN COUNTY,13111,2010,23684,10
GEORGIA,GA,FANNIN COUNTY,13111,2013,23617,10
GEORGIA,GA,FAYETTE COUNTY,13113,2009,105493,13
GEORGIA,GA,FAYETTE COUNTY,13113,2011,107171,10
GEORGIA,GA,FAYETTE COUNTY,13113,2014,108103,12
GEORGIA,GA,FAYETTE COUNTY,13113,2015,109259,11
GEORGIA,GA,FLOYD COUNTY,13115,2005,94332,17
GEORGIA,GA,FLOYD COUNTY,13115,2006,95165,15
GEORGIA,GA,FLOYD COUNTY,13115,2007,95308,14
GEORGIA,GA,FLOYD COUNTY,13115,2008,95922,13
GEORGIA,GA,FLOYD COUNTY,13115,2010,96436,17
GEORGIA,GA,FLOYD COUNTY,13115,2011,96174,11
GEORGIA,GA,FLOYD COUNTY,13115,2012,96174,14
GEORGIA,GA,FLOYD COUNTY,13115,2013,95944,16
GEORGIA,GA,FLOYD COUNTY,13115,2015,95894,10
GEORGIA,GA,FORSYTH COUNTY,13117,2007,157129,15
GEORGIA,GA,FORSYTH COUNTY,13117,2008,166338,13
GEORGIA,GA,FORSYTH COUNTY,13117,2009,171993,13
GEORGIA,GA,FORSYTH COUNTY,13117,2010,176736,13
GEORGIA,GA,FORSYTH COUNTY,13117,2011,181828,25
GEORGIA,GA,FORSYTH COUNTY,13117,2012,181828,13
GEORGIA,GA,FORSYTH COUNTY,13117,2013,186848,18
GEORGIA,GA,FORSYTH COUNTY,13117,2014,193875,28
GEORGIA,GA,FORSYTH COUNTY,13117,2015,202697,32
GEORGIA,GA,FULTON COUNTY,13121,2003,812568,62
GEORGIA,GA,FULTON COUNTY,13121,2004,809481,67
GEORGIA,GA,FULTON COUNTY,13121,2005,818737,91
GEORGIA,GA,FULTON COUNTY,13121,2006,845181,75
GEORGIA,GA,FULTON COUNTY,13121,2007,869329,91
GEORGIA,GA,FULTON COUNTY,13121,2008,888694,113
GEORGIA,GA,FULTON COUNTY,13121,2009,905511,78
GEORGIA,GA,FULTON COUNTY,13121,2010,925622,109
GEORGIA,GA,FULTON COUNTY,13121,2011,947582,95
GEORGIA,GA,FULTON COUNTY,13121,2012,947582,92
GEORGIA,GA,FULTON COUNTY,13121,2013,973464,118
GEORGIA,GA,FULTON COUNTY,13121,2014,981844,136
GEORGIA,GA,FULTON COUNTY,13121,2015,992321,139
GEORGIA,GA,GLYNN COUNTY,13127,2006,74870,13
GEORGIA,GA,GLYNN COUNTY,13127,2007,76513,13
GEORGIA,GA,GLYNN COUNTY,13127,2008,78013,12
GEORGIA,GA,GLYNN COUNTY,13127,2009,78946,10
GEORGIA,GA,GLYNN COUNTY,13127,2012,80123,11
GEORGIA,GA,GLYNN COUNTY,13127,2013,80889,17
GEORGIA,GA,GORDON COUNTY,13129,2009,54945,12
GEORGIA,GA,GORDON COUNTY,13129,2011,55522,11
GEORGIA,GA,GWINNETT COUNTY,13135,2003,663391,21
GEORGIA,GA,GWINNETT COUNTY,13135,2004,687468,21
GEORGIA,GA,GWINNETT COUNTY,13135,2005,710978,25
GEORGIA,GA,GWINNETT COUNTY,13135,2006,740267,43
GEORGIA,GA,GWINNETT COUNTY,13135,2007,764129,32
GEORGIA,GA,GWINNETT COUNTY,13135,2008,780721,44
GEORGIA,GA,GWINNETT COUNTY,13135,2009,796276,50
GEORGIA,GA,GWINNETT COUNTY,13135,2010,807979,54
GEORGIA,GA,GWINNETT COUNTY,13135,2011,822407,45
GEORGIA,GA,GWINNETT COUNTY,13135,2012,822407,47
GEORGIA,GA,GWINNETT COUNTY,13135,2013,836854,50
GEORGIA,GA,GWINNETT COUNTY,13135,2014,853496,59
GEORGIA,GA,GWINNETT COUNTY,13135,2015,871052,102
GEORGIA,GA,HALL COUNTY,13139,2004,156385,14
GEORGIA,GA,HALL COUNTY,13139,2005,160979,10
GEORGIA,GA,HALL COUNTY,13139,2006,166524,12
GEORGIA,GA,HALL COUNTY,13139,2007,172446,12
GEORGIA,GA,HALL COUNTY,13139,2008,177277,14
GEORGIA,GA,HALL COUNTY,13139,2009,178503,14
GEORGIA,GA,HALL COUNTY,13139,2010,180070,22
GEORGIA,GA,HALL COUNTY,13139,2011,182299,23
GEORGIA,GA,HALL COUNTY,13139,2012,182299,21
GEORGIA,GA,HALL COUNTY,13139,2013,184136,20
GEORGIA,GA,HALL COUNTY,13139,2014,186459,22
GEORGIA,GA,HALL COUNTY,13139,2015,189156,19
GEORGIA,GA,HARALSON COUNTY,13143,2007,28558,13
GEORGIA,GA,HARALSON COUNTY,13143,2009,28774,11
GEORGIA,GA,HARALSON COUNTY,13143,2010,28763,14
GEORGIA,GA,HENRY COUNTY,13151,2005,169607,11
GEORGIA,GA,HENRY COUNTY,13151,2006,180304,17
GEORGIA,GA,HENRY COUNTY,13151,2007,188736,10
GEORGIA,GA,HENRY COUNTY,13151,2008,194658,19
GEORGIA,GA,HENRY COUNTY,13151,2009,199622,27
GEORGIA,GA,HENRY COUNTY,13151,2010,205042,21
GEORGIA,GA,HENRY COUNTY,13151,2011,206934,26
GEORGIA,GA,HENRY COUNTY,13151,2012,206934,16
GEORGIA,GA,HENRY COUNTY,13151,2013,208047,21
GEORGIA,GA,HENRY COUNTY,13151,2014,210089,25
GEORGIA,GA,HENRY COUNTY,13151,2015,213059,25
GEORGIA,GA,JACKSON COUNTY,13157,2004,48288,12
GEORGIA,GA,JACKSON COUNTY,13157,2009,60052,11
GEORGIA,GA,JACKSON COUNTY,13157,2011,60985,10
GEORGIA,GA,JACKSON COUNTY,13157,2012,60985,11
GEORGIA,GA,JACKSON COUNTY,13157,2013,60860,12
GEORGIA,GA,JACKSON COUNTY,13157,2015,62125,15
GEORGIA,GA,MADISON COUNTY,13195,2014,28213,12
GEORGIA,GA,MURRAY COUNTY,13213,2008,39869,11
GEORGIA,GA,MURRAY COUNTY,13213,2010,39532,10
GEORGIA,GA,MURRAY COUNTY,13213,2011,39363,15
GEORGIA,GA,MURRAY COUNTY,13213,2012,39363,10
GEORGIA,GA,MURRAY COUNTY,13213,2013,39311,10
GEORGIA,GA,MURRAY COUNTY,13213,2014,39173,10
GEORGIA,GA,MUSCOGEE COUNTY,13215,2003,180838,13
GEORGIA,GA,MUSCOGEE COUNTY,13215,2008,184763,11
GEORGIA,GA,MUSCOGEE COUNTY,13215,2009,188796,14
GEORGIA,GA,MUSCOGEE COUNTY,13215,2010,191122,23
GEORGIA,GA,MUSCOGEE COUNTY,13215,2011,195340,21
GEORGIA,GA,MUSCOGEE COUNTY,13215,2012,195340,21
GEORGIA,GA,MUSCOGEE COUNTY,13215,2013,199077,11
GEORGIA,GA,MUSCOGEE COUNTY,13215,2014,203370,21
GEORGIA,GA,MUSCOGEE COUNTY,13215,2015,200746,14
GEORGIA,GA,NEWTON COUNTY,13217,2007,95699,10
GEORGIA,GA,NEWTON COUNTY,13217,2009,99494,13
GEORGIA,GA,NEWTON COUNTY,13217,2011,100446,10
GEORGIA,GA,NEWTON COUNTY,13217,2013,100965,10
GEORGIA,GA,NEWTON COUNTY,13217,2015,103470,12
GEORGIA,GA,PAULDING COUNTY,13223,2004,106350,12
GEORGIA,GA,PAULDING COUNTY,13223,2006,122635,18
GEORGIA,GA,PAULDING COUNTY,13223,2007,131172,20
GEORGIA,GA,PAULDING COUNTY,13223,2008,137066,18
GEORGIA,GA,PAULDING COUNTY,13223,2009,140761,22
GEORGIA,GA,PAULDING COUNTY,13223,2010,142826,31
GEORGIA,GA,PAULDING COUNTY,13223,2011,143606,19
GEORGIA,GA,PAULDING COUNTY,13223,2012,143606,19
GEORGIA,GA,PAULDING COUNTY,13223,2013,144750,13
GEORGIA,GA,PAULDING COUNTY,13223,2014,146775,27
GEORGIA,GA,PAULDING COUNTY,13223,2015,148562,24
GEORGIA,GA,POLK COUNTY,13233,2010,41537,11
GEORGIA,GA,RICHMOND COUNTY,13245,2003,196958,14
GEORGIA,GA,RICHMOND COUNTY,13245,2004,196883,16
GEORGIA,GA,RICHMOND COUNTY,13245,2005,195837,10
GEORGIA,GA,RICHMOND COUNTY,13245,2006,196449,23
GEORGIA,GA,RICHMOND COUNTY,13245,2007,196483,13
GEORGIA,GA,RICHMOND COUNTY,13245,2008,198423,16
GEORGIA,GA,RICHMOND COUNTY,13245,2009,198489,19
GEORGIA,GA,RICHMOND COUNTY,13245,2010,201122,29
GEORGIA,GA,RICHMOND COUNTY,13245,2011,200618,21
GEORGIA,GA,RICHMOND COUNTY,13245,2012,200618,28
GEORGIA,GA,RICHMOND COUNTY,13245,2013,201827,15
GEORGIA,GA,RICHMOND COUNTY,13245,2014,201457,23
GEORGIA,GA,RICHMOND COUNTY,13245,2015,201448,39
GEORGIA,GA,ROCKDALE COUNTY,13247,2003,74860,11
GEORGIA,GA,ROCKDALE COUNTY,13247,2006,79911,10
GEORGIA,GA,ROCKDALE COUNTY,13247,2007,82146,10
GEORGIA,GA,ROCKDALE COUNTY,13247,2012,85423,10
GEORGIA,GA,ROCKDALE COUNTY,13247,2013,85453,10
GEORGIA,GA,ROCKDALE COUNTY,13247,2014,86522,10
GEORGIA,GA,ROCKDALE COUNTY,13247,2015,87222,10
GEORGIA,GA,SPALDING COUNTY,13255,2004,60588,11
GEORGIA,GA,SPALDING COUNTY,13255,2012,64045,15
GEORGIA,GA,SPALDING COUNTY,13255,2015,63703,14
GEORGIA,GA,TROUP COUNTY,13285,2011,67651,13
GEORGIA,GA,TROUP COUNTY,13285,2014,68859,10
GEORGIA,GA,TROUP COUNTY,13285,2015,69341,10
GEORGIA,GA,WALKER COUNTY,13295,2005,65160,13
GEORGIA,GA,WALKER COUNTY,13295,2007,67405,10
GEORGIA,GA,WALKER COUNTY,13295,2009,68612,11
GEORGIA,GA,WALKER COUNTY,13295,2011,68825,10
GEORGIA,GA,WALKER COUNTY,13295,2012,68825,12
GEORGIA,GA,WALKER COUNTY,13295,2014,68643,11
GEORGIA,GA,WALTON COUNTY,13297,2012,84647,15
GEORGIA,GA,WALTON COUNTY,13297,2013,84998,15
GEORGIA,GA,WALTON COUNTY,13297,2014,86068,13
GEORGIA,GA,WALTON COUNTY,13297,2015,87557,19
GEORGIA,GA,WARE COUNTY,13299,2009,35985,10
GEORGIA,GA,WARE COUNTY,13299,2014,35745,15
GEORGIA,GA,WHITFIELD COUNTY,13313,2004,91842,10
GEORGIA,GA,WHITFIELD COUNTY,13313,2005,94162,11
GEORGIA,GA,WHITFIELD COUNTY,13313,2006,96408,12
GEORGIA,GA,WHITFIELD COUNTY,13313,2008,100546,15
GEORGIA,GA,WHITFIELD COUNTY,13313,2009,101009,11
GEORGIA,GA,WHITFIELD COUNTY,13313,2010,102740,11
GEORGIA,GA,WHITFIELD COUNTY,13313,2011,102909,15
GEORGIA,GA,WHITFIELD COUNTY,13313,2012,102909,16
GEORGIA,GA,WHITFIELD COUNTY,13313,2013,102926,14
GEORGIA,GA,WHITFIELD COUNTY,13313,2014,102691,11
GEORGIA,GA,WHITFIELD COUNTY,13313,2015,103039,12
MONTANA,MT,CASCADE COUNTY,30013,2008,80529,10
MONTANA,MT,CASCADE COUNTY,30013,2013,81657,11
MONTANA,MT,FLATHEAD COUNTY,30029,2007,88245,10
MONTANA,MT,FLATHEAD COUNTY,30029,2008,90260,11
MONTANA,MT,FLATHEAD COUNTY,30029,2012,91282,11
MONTANA,MT,FLATHEAD COUNTY,30029,2013,91630,15
MONTANA,MT,FLATHEAD COUNTY,30029,2014,92988,10
MONTANA,MT,FLATHEAD COUNTY,30029,2015,94642,10
MONTANA,MT,GALLATIN COUNTY,30031,2009,89187,10
MONTANA,MT,MISSOULA COUNTY,30063,2003,99976,11
MONTANA,MT,MISSOULA COUNTY,30063,2005,102298,12
MONTANA,MT,MISSOULA COUNTY,30063,2008,107747,13
MONTANA,MT,MISSOULA COUNTY,30063,2009,108717,14
MONTANA,MT,MISSOULA COUNTY,30063,2010,109471,15
MONTANA,MT,MISSOULA COUNTY,30063,2012,110270,15
MONTANA,MT,MISSOULA COUNTY,30063,2013,111104,12
MONTANA,MT,MISSOULA COUNTY,30063,2015,112924,11
MONTANA,MT,SILVER BOW COUNTY,30093,2009,34008,11
MONTANA,MT,YELLOWSTONE COUNTY,30111,2003,133715,11
MONTANA,MT,YELLOWSTONE COUNTY,30111,2006,139582,10
MONTANA,MT,YELLOWSTONE COUNTY,30111,2007,141518,10
MONTANA,MT,YELLOWSTONE COUNTY,30111,2010,148405,14
MONTANA,MT,YELLOWSTONE COUNTY,30111,2011,149805,15
MONTANA,MT,YELLOWSTONE COUNTY,30111,2012,149805,10
MONTANA,MT,YELLOWSTONE COUNTY,30111,2013,151690,24
MONTANA,MT,YELLOWSTONE COUNTY,30111,2014,153857,14
MONTANA,MT,YELLOWSTONE COUNTY,30111,2015,155379,20
NORTH CAROLINA,NC,ALAMANCE COUNTY,37001,2005,139311,11
NORTH CAROLINA,NC,ALAMANCE COUNTY,37001,2006,141462,10
NORTH CAROLINA,NC,ALAMANCE COUNTY,37001,2007,144712,11
NORTH CAROLINA,NC,ALAMANCE COUNTY,37001,2008,147704,19
NORTH CAROLINA,NC,ALAMANCE COUNTY,37001,2009,149954,20
NORTH CAROLINA,NC,ALAMANCE COUNTY,37001,2011,152712,16
NORTH CAROLINA,NC,ALAMANCE COUNTY,37001,2012,152712,19
NORTH CAROLINA,NC,ALAMANCE COUNTY,37001,2013,153299,15
NORTH CAROLINA,NC,ALAMANCE COUNTY,37001,2014,154209,16
NORTH CAROLINA,NC,ALAMANCE COUNTY,37001,2015,155439,14
NORTH CAROLINA,NC,ALEXANDER COUNTY,37003,2009,37053,11
NORTH CAROLINA,NC,ALEXANDER COUNTY,37003,2015,36993,11
NORTH CAROLINA,NC,BRUNSWICK COUNTY,37019,2003,80584,10
NORTH CAROLINA,NC,BRUNSWICK COUNTY,37019,2004,83327,11
NORTH CAROLINA,NC,BRUNSWICK COUNTY,37019,2005,87846,17
NORTH CAROLINA,NC,BRUNSWICK COUNTY,37019,2006,93938,17
NORTH CAROLINA,NC,BRUNSWICK COUNTY,37019,2008,103257,15
NORTH CAROLINA,NC,BRUNSWICK COUNTY,37019,2009,105777,25
NORTH CAROLINA,NC,BRUNSWICK COUNTY,37019,2010,108070,20
NORTH CAROLINA,NC,BRUNSWICK COUNTY,37019,2011,110196,29
NORTH CAROLINA,NC,BRUNSWICK COUNTY,37019,2012,110196,25
NORTH CAROLINA,NC,BRUNSWICK COUNTY,37019,2013,112039,28
NORTH CAROLINA,NC,BRUNSWICK COUNTY,37019,2014,114977,20
NORTH CAROLINA,NC,BRUNSWICK COUNTY,37019,2015,118382,28
NORTH CAROLINA,NC,BUNCOMBE COUNTY,37021,2003,214982,22
NORTH CAROLINA,NC,BUNCOMBE COUNTY,37021,2004,218139,31
NORTH CAROLINA,NC,BUNCOMBE COUNTY,37021,2005,221642,35
NORTH CAROLINA,NC,BUNCOMBE COUNTY,37021,2006,226524,22
NORTH CAROLINA,NC,BUNCOMBE COUNTY,37021,2007,230766,27
NORTH CAROLINA,NC,BUNCOMBE COUNTY,37021,2008,233772,19
NORTH CAROLINA,NC,BUNCOMBE COUNTY,37021,2009,236349,17
NORTH CAROLINA,NC,BUNCOMBE COUNTY,37021,2010,238743,21
NORTH CAROLINA,NC,BUNCOMBE COUNTY,37021,2011,241226,35
NORTH CAROLINA,NC,BUNCOMBE COUNTY,37021,2012,241226,25
NORTH CAROLINA,NC,BUNCOMBE COUNTY,37021,2013,243761,27
NORTH CAROLINA,NC,BUNCOMBE COUNTY,37021,2014,246952,28
NORTH CAROLINA,NC,BUNCOMBE COUNTY,37021,2015,249265,37
NORTH CAROLINA,NC,BURKE COUNTY,37023,2003,89493,10
NORTH CAROLINA,NC,BURKE COUNTY,37023,2004,89394,17
NORTH CAROLINA,NC,BURKE COUNTY,37023,2005,89526,14
NORTH CAROLINA,NC,BURKE COUNTY,37023,2006,89903,20
NORTH CAROLINA,NC,BURKE COUNTY,37023,2007,90146,25
NORTH CAROLINA,NC,BURKE COUNTY,37023,2008,90788,23
NORTH CAROLINA,NC,BURKE COUNTY,37023,2009,91178,17
NORTH CAROLINA,NC,BURKE COUNTY,37023,2010,90567,19
NORTH CAROLINA,NC,BURKE COUNTY,37023,2011,90533,16
NORTH CAROLINA,NC,BURKE COUNTY,37023,2012,90533,22
NORTH CAROLINA,NC,BURKE COUNTY,37023,2013,89965,29
NORTH CAROLINA,NC,BURKE COUNTY,37023,2014,89348,23
NORTH CAROLINA,NC,BURKE COUNTY,37023,2015,89292,31
NORTH CAROLINA,NC,CABARRUS COUNTY,37025,2004,146429,17
NORTH CAROLINA,NC,CABARRUS COUNTY,37025,2005,150797,28
NORTH CAROLINA,NC,CABARRUS COUNTY,37025,2006,157735,18
NORTH CAROLINA,NC,CABARRUS COUNTY,37025,2007,165717,17
NORTH CAROLINA,NC,CABARRUS COUNTY,37025,2008,171915,21
NORTH CAROLINA,NC,CABARRUS COUNTY,37025,2009,175993,21
NORTH CAROLINA,NC,CABARRUS COUNTY,37025,2010,178564,20
NORTH CAROLINA,NC,CABARRUS COUNTY,37025,2011,181187,14
NORTH CAROLINA,NC,CABARRUS COUNTY,37025,2012,181187,13
NORTH CAROLINA,NC,CABARRUS COUNTY,37025,2013,184358,27
NORTH CAROLINA,NC,CABARRUS COUNTY,37025,2014,187265,22
NORTH CAROLINA,NC,CABARRUS COUNTY,37025,2015,191737,23
NORTH CAROLINA,NC,CALDWELL COUNTY,37027,2004,79471,16
NORTH CAROLINA,NC,CALDWELL COUNTY,37027,2005,80218,10
NORTH CAROLINA,NC,CALDWELL COUNTY,37027,2006,80897,16
NORTH CAROLINA,NC,CALDWELL COUNTY,37027,2007,81588,10
NORTH CAROLINA,NC,CALDWELL COUNTY,37027,2008,82527,18
NORTH CAROLINA,NC,CALDWELL COUNTY,37027,2009,82798,17
NORTH CAROLINA,NC,CALDWELL COUNTY,37027,2011,82460,10
NORTH CAROLINA,NC,CALDWELL COUNTY,37027,2012,82460,13
NORTH CAROLINA,NC,CALDWELL COUNTY,37027,2014,82067,13
NORTH CAROLINA,NC,CALDWELL COUNTY,37027,2015,81698,27
NORTH CAROLINA,NC,CARTERET COUNTY,37031,2004,62127,12
NORTH CAROLINA,NC,CARTERET COUNTY,37031,2005,62833,11
NORTH CAROLINA,NC,CARTERET COUNTY,37031,2008,64700,10
NORTH CAROLINA,NC,CARTERET COUNTY,37031,2009,65670,12
NORTH CAROLINA,NC,CARTERET COUNTY,37031,2010,66700,10
NORTH CAROLINA,NC,CARTERET COUNTY,37031,2011,67432,17
NORTH CAROLINA,NC,CARTERET COUNTY,37031,2014,68417,15
NORTH CAROLINA,NC,CARTERET COUNTY,37031,2015,68670,18
NORTH CAROLINA,NC,CATAWBA COUNTY,37035,2003,145601,17
NORTH CAROLINA,NC,CATAWBA COUNTY,37035,2004,147016,17
NORTH CAROLINA,NC,CATAWBA COUNTY,37035,2005,148629,12
NORTH CAROLINA,NC,CATAWBA COUNTY,37035,2006,150449,17
NORTH CAROLINA,NC,CATAWBA COUNTY,37035,2007,152448,29
NORTH CAROLINA,NC,CATAWBA COUNTY,37035,2008,153848,18
NORTH CAROLINA,NC,CATAWBA COUNTY,37035,2009,154610,24
NORTH CAROLINA,NC,CATAWBA COUNTY,37035,2010,154758,17
NORTH CAROLINA,NC,CATAWBA COUNTY,37035,2011,154501,27
NORTH CAROLINA,NC,CATAWBA COUNTY,37035,2012,154501,22
NORTH CAROLINA,NC,CATAWBA COUNTY,37035,2013,154739,17
NORTH CAROLINA,NC,CATAWBA COUNTY,37035,2014,155024,26
NORTH CAROLINA,NC,CATAWBA COUNTY,37035,2015,155157,24
NORTH CAROLINA,NC,CHEROKEE COUNTY,37039,2010,27435,11
NORTH CAROLINA,NC,CHEROKEE COUNTY,37039,2011,27185,17
NORTH CAROLINA,NC,CLEVELAND COUNTY,37045,2003,97241,12
NORTH CAROLINA,NC,CLEVELAND COUNTY,37045,2005,96844,10
NORTH CAROLINA,NC,CLEVELAND COUNTY,37045,2006,96990,11
NORTH CAROLINA,NC,CLEVELAND COUNTY,37045,2007,97524,10
NORTH CAROLINA,NC,CLEVELAND COUNTY,37045,2008,98155,18
NORTH CAROLINA,NC,CLEVELAND COUNTY,37045,2009,98211,13
NORTH CAROLINA,NC,CLEVELAND COUNTY,37045,2010,97922,18
NORTH CAROLINA,NC,CLEVELAND COUNTY,37045,2011,97452,10
NORTH CAROLINA,NC,CLEVELAND COUNTY,37045,2012,97452,13
NORTH CAROLINA,NC,CLEVELAND COUNTY,37045,2013,97332,14
NORTH CAROLINA,NC,CLEVELAND COUNTY,37045,2014,96893,13
NORTH CAROLINA,NC,CLEVELAND COUNTY,37045,2015,97030,23
NORTH CAROLINA,NC,COLUMBUS COUNTY,37047,2005,55155,11
NORTH CAROLINA,NC,COLUMBUS COUNTY,37047,2009,58163,18
NORTH CAROLINA,NC,COLUMBUS COUNTY,37047,2010,57997,13
NORTH CAROLINA,NC,COLUMBUS COUNTY,37047,2014,57099,10
NORTH CAROLINA,NC,CRAVEN COUNTY,37049,2004,93548,13
NORTH CAROLINA,NC,CRAVEN COUNTY,37049,2005,94729,10
NORTH CAROLINA,NC,CRAVEN COUNTY,37049,2006,96926,13
NORTH CAROLINA,NC,CRAVEN COUNTY,37049,2008,99423,12
NORTH CAROLINA,NC,CRAVEN COUNTY,37049,2009,101923,11
NORTH CAROLINA,NC,CRAVEN COUNTY,37049,2010,104180,10
NORTH CAROLINA,NC,CRAVEN COUNTY,37049,2013,105381,16
NORTH CAROLINA,NC,CRAVEN COUNTY,37049,2014,104369,11
NORTH CAROLINA,NC,CRAVEN COUNTY,37049,2015,104168,20
NORTH CAROLINA,NC,CUMBERLAND COUNTY,37051,2003,303318,13
NORTH CAROLINA,NC,CUMBERLAND COUNTY,37051,2004,307629,18
NORTH CAROLINA,NC,CUMBERLAND COUNTY,37051,2005,303695,25
NORTH CAROLINA,NC,CUMBERLAND COUNTY,37051,2006,307365,24
NORTH CAROLINA,NC,CUMBERLAND COUNTY,37051,2007,308284,20
NORTH CAROLINA,NC,CUMBERLAND COUNTY,37051,2008,311800,34
NORTH CAROLINA,NC,CUMBERLAND COUNTY,37051,2009,317252,23
NORTH CAROLINA,NC,CUMBERLAND COUNTY,37051,2010,327247,34
NORTH CAROLINA,NC,CUMBERLAND COUNTY,37051,2011,330625,41
NORTH CAROLINA,NC,CUMBERLAND COUNTY,37051,2012,330625,40
NORTH CAROLINA,NC,CUMBERLAND COUNTY,37051,2013,330161,32
NORTH CAROLINA,NC,CUMBERLAND COUNTY,37051,2014,333253,39
NORTH CAROLINA,NC,CUMBERLAND COUNTY,37051,2015,332680,46
NORTH CAROLINA,NC,DAVIDSON COUNTY,37057,2003,152809,18
NORTH CAROLINA,NC,DAVIDSON COUNTY,37057,2004,154179,21
NORTH CAROLINA,NC,DAVIDSON COUNTY,37057,2005,155425,24
NORTH CAROLINA,NC,DAVIDSON COUNTY,37057,2006,157209,28
NORTH CAROLINA,NC,DAVIDSON COUNTY,37057,2007,159126,19
NORTH CAROLINA,NC,DAVIDSON COUNTY,37057,2008,161520,28
NORTH CAROLINA,NC,DAVIDSON COUNTY,37057,2009,162406,18
NORTH CAROLINA,NC,DAVIDSON COUNTY,37057,2010,162841,15
NORTH CAROLINA,NC,DAVIDSON COUNTY,37057,2011,162934,30
NORTH CAROLINA,NC,DAVIDSON COUNTY,37057,2012,162934,26
NORTH CAROLINA,NC,DAVIDSON COUNTY,37057,2013,163064,32
NORTH CAROLINA,NC,DAVIDSON COUNTY,37057,2014,163337,31
NORTH CAROLINA,NC,DAVIDSON COUNTY,37057,2015,163437,23
NORTH CAROLINA,NC,DURHAM COUNTY,37063,2003,235570,14
NORTH CAROLINA,NC,DURHAM COUNTY,37063,2004,238376,14
NORTH CAROLINA,NC,DURHAM COUNTY,37063,2005,241785,11
NORTH CAROLINA,NC,DURHAM COUNTY,37063,2006,246929,21
NORTH CAROLINA,NC,DURHAM COUNTY,37063,2007,252796,22
NORTH CAROLINA,NC,DURHAM COUNTY,37063,2008,259356,22
NORTH CAROLINA,NC,DURHAM COUNTY,37063,2009,265356,13
NORTH CAROLINA,NC,DURHAM COUNTY,37063,2010,271366,16
NORTH CAROLINA,NC,DURHAM COUNTY,37063,2011,276609,22
NORTH CAROLINA,NC,DURHAM COUNTY,37063,2012,276609,17
NORTH CAROLINA,NC,DURHAM COUNTY,37063,2013,282757,20
NORTH CAROLINA,NC,DURHAM COUNTY,37063,2014,288856,21
NORTH CAROLINA,NC,DURHAM COUNTY,37063,2015,295324,20
NORTH CAROLINA,NC,EDGECOMBE COUNTY,37065,2013,55667,10
NORTH CAROLINA,NC,FORSYTH COUNTY,37067,2003,316659,20
NORTH CAROLINA,NC,FORSYTH COUNTY,37067,2004,319997,18
NORTH CAROLINA,NC,FORSYTH COUNTY,37067,2005,325065,15
NORTH CAROLINA,NC,FORSYTH COUNTY,37067,2006,332110,36
NORTH CAROLINA,NC,FORSYTH COUNTY,37067,2007,338638,28
NORTH CAROLINA,NC,FORSYTH COUNTY,37067,2008,344330,31
NORTH CAROLINA,NC,FORSYTH COUNTY,37067,2009,348532,33
NORTH CAROLINA,NC,FORSYTH COUNTY,37067,2010,351378,18
NORTH CAROLINA,NC,FORSYTH COUNTY,37067,2011,354545,43
NORTH CAROLINA,NC,FORSYTH COUNTY,37067,2012,354545,39
NORTH CAROLINA,NC,FORSYTH COUNTY,37067,2013,357644,32
NORTH CAROLINA,NC,FORSYTH COUNTY,37067,2014,360677,48
NORTH CAROLINA,NC,FORSYTH COUNTY,37067,2015,364555,58
NORTH CAROLINA,NC,GASTON COUNTY,37071,2003,191545,29
NORTH CAROLINA,NC,GASTON COUNTY,37071,2004,191646,39
NORTH CAROLINA,NC,GASTON COUNTY,37071,2005,193527,35
NORTH CAROLINA,NC,GASTON COUNTY,37071,2006,196284,32
NORTH CAROLINA,NC,GASTON COUNTY,37071,2007,200377,39
NORTH CAROLINA,NC,GASTON COUNTY,37071,2008,204454,35
NORTH CAROLINA,NC,GASTON COUNTY,37071,2009,205884,57
NORTH CAROLINA,NC,GASTON COUNTY,37071,2010,206114,46
NORTH CAROLINA,NC,GASTON COUNTY,37071,2011,206894,42
NORTH CAROLINA,NC,GASTON COUNTY,37071,2012,206894,41
NORTH CAROLINA,NC,GASTON COUNTY,37071,2013,207915,42
NORTH CAROLINA,NC,GASTON COUNTY,37071,2014,209242,40
NORTH CAROLINA,NC,GASTON COUNTY,37071,2015,210599,36
NORTH CAROLINA,NC,GUILFORD COUNTY,37081,2003,436327,29
NORTH CAROLINA,NC,GUILFORD COUNTY,37081,2004,440597,33
NORTH CAROLINA,NC,GUILFORD COUNTY,37081,2005,448192,36
NORTH CAROLINA,NC,GUILFORD COUNTY,37081,2006,458792,49
NORTH CAROLINA,NC,GUILFORD COUNTY,37081,2007,468466,41
NORTH CAROLINA,NC,GUILFORD COUNTY,37081,2008,477809,28
NORTH CAROLINA,NC,GUILFORD COUNTY,37081,2009,484180,49
NORTH CAROLINA,NC,GUILFORD COUNTY,37081,2010,489626,36
NORTH CAROLINA,NC,GUILFORD COUNTY,37081,2011,495022,43
NORTH CAROLINA,NC,GUILFORD COUNTY,37081,2012,495022,46
NORTH CAROLINA,NC,GUILFORD COUNTY,37081,2013,500618,30
NORTH CAROLINA,NC,GUILFORD COUNTY,37081,2014,506537,47
NORTH CAROLINA,NC,GUILFORD COUNTY,37081,2015,512414,55
NORTH CAROLINA,NC,HALIFAX COUNTY,37083,2015,52840,11
NORTH CAROLINA,NC,HARNETT COUNTY,37085,2008,108752,10
NORTH CAROLINA,NC,HARNETT COUNTY,37085,2010,115757,10
NORTH CAROLINA,NC,HARNETT COUNTY,37085,2012,119201,16
NORTH CAROLINA,NC,HARNETT COUNTY,37085,2013,122250,13
NORTH CAROLINA,NC,HARNETT COUNTY,37085,2014,125093,14
NORTH CAROLINA,NC,HARNETT COUNTY,37085,2015,126769,11
NORTH CAROLINA,NC,HAYWOOD COUNTY,37087,2008,58811,12
NORTH CAROLINA,NC,HAYWOOD COUNTY,37087,2010,58930,13
NORTH CAROLINA,NC,HAYWOOD COUNTY,37087,2012,58731,17
NORTH CAROLINA,NC,HAYWOOD COUNTY,37087,2013,58666,16
NORTH CAROLINA,NC,HAYWOOD COUNTY,37087,2015,59192,11
NORTH CAROLINA,NC,HENDERSON COUNTY,37089,2003,94246,13
NORTH CAROLINA,NC,HENDERSON COUNTY,37089,2004,95797,19
NORTH CAROLINA,NC,HENDERSON COUNTY,37089,2005,97584,12
NORTH CAROLINA,NC,HENDERSON COUNTY,37089,2007,102270,10
NORTH CAROLINA,NC,HENDERSON COUNTY,37089,2008,104289,17
NORTH CAROLINA,NC,HENDERSON COUNTY,37089,2010,106894,13
NORTH CAROLINA,NC,HENDERSON COUNTY,37089,2011,107391,13
NORTH CAROLINA,NC,HENDERSON COUNTY,37089,2012,107391,12
NORTH CAROLINA,NC,HENDERSON COUNTY,37089,2013,107811,22
NORTH CAROLINA,NC,HENDERSON COUNTY,37089,2014,108942,11
NORTH CAROLINA,NC,HENDERSON COUNTY,37089,2015,110338,16
NORTH CAROLINA,NC,IREDELL COUNTY,37097,2003,133099,12
NORTH CAROLINA,NC,IREDELL COUNTY,37097,2004,136514,18
NORTH CAROLINA,NC,IREDELL COUNTY,37097,2005,140514,13
NORTH CAROLINA,NC,IREDELL COUNTY,37097,2006,146854,14
NORTH CAROLINA,NC,IREDELL COUNTY,37097,2007,151944,22
NORTH CAROLINA,NC,IREDELL COUNTY,37097,2008,156204,17
NORTH CAROLINA,NC,IREDELL COUNTY,37097,2009,158387,26
NORTH CAROLINA,NC,IREDELL COUNTY,37097,2010,159788,18
NORTH CAROLINA,NC,IREDELL COUNTY,37097,2011,161077,30
NORTH CAROLINA,NC,IREDELL COUNTY,37097,2012,161077,24
NORTH CAROLINA,NC,IREDELL COUNTY,37097,2013,162729,21
NORTH CAROLINA,NC,IREDELL COUNTY,37097,2014,164661,25
NORTH CAROLINA,NC,IREDELL COUNTY,37097,2015,166598,20
NORTH CAROLINA,NC,JOHNSTON COUNTY,37101,2004,140055,10
NORTH CAROLINA,NC,JOHNSTON COUNTY,37101,2009,166478,11
NORTH CAROLINA,NC,JOHNSTON COUNTY,37101,2010,169676,23
NORTH CAROLINA,NC,JOHNSTON COUNTY,37101,2011,172457,14
NORTH CAROLINA,NC,JOHNSTON COUNTY,37101,2012,172457,16
NORTH CAROLINA,NC,JOHNSTON COUNTY,37101,2013,174387,17
NORTH CAROLINA,NC,JOHNSTON COUNTY,37101,2014,177240,11
NORTH CAROLINA,NC,JOHNSTON COUNTY,37101,2015,180732,24
NORTH CAROLINA,NC,LEE COUNTY,37105,2015,59425,10
NORTH CAROLINA,NC,LENOIR COUNTY,37107,2011,59425,10
NORTH CAROLINA,NC,LENOIR COUNTY,37107,2015,58275,11
NORTH CAROLINA,NC,LINCOLN COUNTY,37109,2006,72179,11
NORTH CAROLINA,NC,LINCOLN COUNTY,37109,2009,77573,15
NORTH CAROLINA,NC,LINCOLN COUNTY,37109,2011,78301,14
NORTH CAROLINA,NC,LINCOLN COUNTY,37109,2012,78301,11
NORTH CAROLINA,NC,LINCOLN COUNTY,37109,2013,78743,15
NORTH CAROLINA,NC,MACON COUNTY,37113,2006,32736,13
NORTH CAROLINA,NC,MCDOWELL COUNTY,37111,2007,44345,13
NORTH CAROLINA,NC,MCDOWELL COUNTY,37111,2008,44768,14
NORTH CAROLINA,NC,MECKLENBURG COUNTY,37119,2003,753991,38
NORTH CAROLINA,NC,MECKLENBURG COUNTY,37119,2004,772949,40
NORTH CAROLINA,NC,MECKLENBURG COUNTY,37119,2005,798701,64
NORTH CAROLINA,NC,MECKLENBURG COUNTY,37119,2006,831507,59
NORTH CAROLINA,NC,MECKLENBURG COUNTY,37119,2007,862177,50
NORTH CAROLINA,NC,MECKLENBURG COUNTY,37119,2008,887991,66
NORTH CAROLINA,NC,MECKLENBURG COUNTY,37119,2009,908704,50
NORTH CAROLINA,NC,MECKLENBURG COUNTY,37119,2010,923292,65
NORTH CAROLINA,NC,MECKLENBURG COUNTY,37119,2011,944015,79
NORTH CAROLINA,NC,MECKLENBURG COUNTY,37119,2012,944015,92
NORTH CAROLINA,NC,MECKLENBURG COUNTY,37119,2013,967418,59
NORTH CAROLINA,NC,MECKLENBURG COUNTY,37119,2014,991182,103
NORTH CAROLINA,NC,MECKLENBURG COUNTY,37119,2015,1010878,110
NORTH CAROLINA,NC,MOORE COUNTY,37125,2014,91391,11
NORTH CAROLINA,NC,MOORE COUNTY,37125,2015,92849,11
NORTH CAROLINA,NC,NASH COUNTY,37127,2006,92127,10
NORTH CAROLINA,NC,NASH COUNTY,37127,2011,95778,10
NORTH CAROLINA,NC,NASH COUNTY,37127,2012,95778,14
NORTH CAROLINA,NC,NASH COUNTY,37127,2013,95225,11
NORTH CAROLINA,NC,NASH COUNTY,37127,2015,94253,10
NORTH CAROLINA,NC,NEW HANOVER COUNTY,37129,2003,171928,20
NORTH CAROLINA,NC,NEW HANOVER COUNTY,37129,2004,178362,23
NORTH CAROLINA,NC,NEW HANOVER COUNTY,37129,2005,185412,36
NORTH CAROLINA,NC,NEW HANOVER COUNTY,37129,2006,190791,19
NORTH CAROLINA,NC,NEW HANOVER COUNTY,37129,2007,194339,20
NORTH CAROLINA,NC,NEW HANOVER COUNTY,37129,2008,197709,31
NORTH CAROLINA,NC,NEW HANOVER COUNTY,37129,2009,200178,25
NORTH CAROLINA,NC,NEW HANOVER COUNTY,37129,2010,203295,28
NORTH CAROLINA,NC,NEW HANOVER COUNTY,37129,2011,206006,36
NORTH CAROLINA,NC,NEW HANOVER COUNTY,37129,2012,206006,41
NORTH CAROLINA,NC,NEW HANOVER COUNTY,37129,2013,209118,35
NORTH CAROLINA,NC,NEW HANOVER COUNTY,37129,2014,213033,34
NORTH CAROLINA,NC,NEW HANOVER COUNTY,37129,2015,216112,50
NORTH CAROLINA,NC,ONSLOW COUNTY,37133,2005,157205,12
NORTH CAROLINA,NC,ONSLOW COUNTY,37133,2006,161185,15
NORTH CAROLINA,NC,ONSLOW COUNTY,37133,2007,163256,15
NORTH CAROLINA,NC,ONSLOW COUNTY,37133,2008,169059,10
NORTH CAROLINA,NC,ONSLOW COUNTY,37133,2009,173064,20
NORTH CAROLINA,NC,ONSLOW COUNTY,37133,2010,186918,11
NORTH CAROLINA,NC,ONSLOW COUNTY,37133,2011,185068,18
NORTH CAROLINA,NC,ONSLOW COUNTY,37133,2012,185068,18
NORTH CAROLINA,NC,ONSLOW COUNTY,37133,2013,190813,16
NORTH CAROLINA,NC,ONSLOW COUNTY,37133,2014,192522,17
NORTH CAROLINA,NC,ONSLOW COUNTY,37133,2015,192061,17
NORTH CAROLINA,NC,ORANGE COUNTY,37135,2007,127193,10
NORTH CAROLINA,NC,ORANGE COUNTY,37135,2011,134853,10
NORTH CAROLINA,NC,ORANGE COUNTY,37135,2012,134853,10
NORTH CAROLINA,NC,PENDER COUNTY,37141,2015,55931,16
NORTH CAROLINA,NC,PITT COUNTY,37147,2003,141610,11
NORTH CAROLINA,NC,PITT COUNTY,37147,2004,144486,11
NORTH CAROLINA,NC,PITT COUNTY,37147,2006,152934,12
NORTH CAROLINA,NC,PITT COUNTY,37147,2008,162116,16
NORTH CAROLINA,NC,PITT COUNTY,37147,2009,165581,16
NORTH CAROLINA,NC,PITT COUNTY,37147,2010,168865,16
NORTH CAROLINA,NC,PITT COUNTY,37147,2012,170813,16
NORTH CAROLINA,NC,PITT COUNTY,37147,2013,173021,15
NORTH CAROLINA,NC,PITT COUNTY,37147,2014,174443,22
NORTH CAROLINA,NC,PITT COUNTY,37147,2015,175052,14
NORTH CAROLINA,NC,RANDOLPH COUNTY,37151,2005,136301,10
NORTH CAROLINA,NC,RANDOLPH COUNTY,37151,2006,137885,15
NORTH CAROLINA,NC,RANDOLPH COUNTY,37151,2007,138855,15
NORTH CAROLINA,NC,RANDOLPH COUNTY,37151,2008,140297,13
NORTH CAROLINA,NC,RANDOLPH COUNTY,37151,2009,141175,16
NORTH CAROLINA,NC,RANDOLPH COUNTY,37151,2010,141985,17
NORTH CAROLINA,NC,RANDOLPH COUNTY,37151,2011,141861,21
NORTH CAROLINA,NC,RANDOLPH COUNTY,37151,2012,141861,17
NORTH CAROLINA,NC,RANDOLPH COUNTY,37151,2013,142274,22
NORTH CAROLINA,NC,RANDOLPH COUNTY,37151,2014,142313,17
NORTH CAROLINA,NC,RANDOLPH COUNTY,37151,2015,142467,30
NORTH CAROLINA,NC,RICHMOND COUNTY,37153,2009,46537,10
NORTH CAROLINA,NC,RICHMOND COUNTY,37153,2011,46654,11
NORTH CAROLINA,NC,RICHMOND COUNTY,37153,2015,45770,13
NORTH CAROLINA,NC,ROBESON COUNTY,37155,2006,128894,10
NORTH CAROLINA,NC,ROBESON COUNTY,37155,2008,131734,10
NORTH CAROLINA,NC,ROBESON COUNTY,37155,2009,132984,10
NORTH CAROLINA,NC,ROBESON COUNTY,37155,2011,135168,23
NORTH CAROLINA,NC,ROBESON COUNTY,37155,2012,135168,21
NORTH CAROLINA,NC,ROBESON COUNTY,37155,2013,135458,17
NORTH CAROLINA,NC,ROBESON COUNTY,37155,2014,135135,20
NORTH CAROLINA,NC,ROBESON COUNTY,37155,2015,134920,16
NORTH CAROLINA,NC,ROCKINGHAM COUNTY,37157,2003,92779,11
NORTH CAROLINA,NC,ROCKINGHAM COUNTY,37157,2005,92587,13
NORTH CAROLINA,NC,ROCKINGHAM COUNTY,37157,2006,92960,12
NORTH CAROLINA,NC,ROCKINGHAM COUNTY,37157,2007,93164,19
NORTH CAROLINA,NC,ROCKINGHAM COUNTY,37157,2008,93299,19
NORTH CAROLINA,NC,ROCKINGHAM COUNTY,37157,2009,93547,13
NORTH CAROLINA,NC,ROCKINGHAM COUNTY,37157,2010,93681,15
NORTH CAROLINA,NC,ROCKINGHAM COUNTY,37157,2011,93309,18
NORTH CAROLINA,NC,ROCKINGHAM COUNTY,37157,2012,93309,14
NORTH CAROLINA,NC,ROCKINGHAM COUNTY,37157,2013,92722,11
NORTH CAROLINA,NC,ROCKINGHAM COUNTY,37157,2015,91825,12
NORTH CAROLINA,NC,ROWAN COUNTY,37159,2003,132562,10
NORTH CAROLINA,NC,ROWAN COUNTY,37159,2004,132202,21
NORTH CAROLINA,NC,ROWAN COUNTY,37159,2005,132527,21
NORTH CAROLINA,NC,ROWAN COUNTY,37159,2006,134045,20
NORTH CAROLINA,NC,ROWAN COUNTY,37159,2007,135626,17
NORTH CAROLINA,NC,ROWAN COUNTY,37159,2008,137721,25
NORTH CAROLINA,NC,ROWAN COUNTY,37159,2009,138562,26
NORTH CAROLINA,NC,ROWAN COUNTY,37159,2010,138329,19
NORTH CAROLINA,NC,ROWAN COUNTY,37159,2011,137819,32
NORTH CAROLINA,NC,ROWAN COUNTY,37159,2012,137819,26
NORTH CAROLINA,NC,ROWAN COUNTY,37159,2013,137505,24
NORTH CAROLINA,NC,ROWAN COUNTY,37159,2014,137689,25
NORTH CAROLINA,NC,ROWAN COUNTY,37159,2015,138091,32
NORTH CAROLINA,NC,RUTHERFORD COUNTY,37161,2003,64475,10
NORTH CAROLINA,NC,RUTHERFORD COUNTY,37161,2005,65126,11
NORTH CAROLINA,NC,RUTHERFORD COUNTY,37161,2006,65855,16
NORTH CAROLINA,NC,RUTHERFORD COUNTY,37161,2007,66305,15
NORTH CAROLINA,NC,RUTHERFORD COUNTY,37161,2008,67145,18
NORTH CAROLINA,NC,RUTHERFORD COUNTY,37161,2009,67561,14
NORTH CAROLINA,NC,RUTHERFORD COUNTY,37161,2010,67739,10
NORTH CAROLINA,NC,RUTHERFORD COUNTY,37161,2011,67424,14
NORTH CAROLINA,NC,RUTHERFORD COUNTY,37161,2013,67227,10
NORTH CAROLINA,NC,RUTHERFORD COUNTY,37161,2015,66587,19
NORTH CAROLINA,NC,SAMPSON COUNTY,37163,2008,62837,10
NORTH CAROLINA,NC,SAMPSON COUNTY,37163,2011,63515,11
NORTH CAROLINA,NC,SAMPSON COUNTY,37163,2014,63903,15
NORTH CAROLINA,NC,STANLY COUNTY,37167,2007,59849,11
NORTH CAROLINA,NC,STANLY COUNTY,37167,2010,60578,17
NORTH CAROLINA,NC,STANLY COUNTY,37167,2011,60531,10
NORTH CAROLINA,NC,STANLY COUNTY,37167,2012,60531,10
NORTH CAROLINA,NC,STANLY COUNTY,37167,2013,60464,10
NORTH CAROLINA,NC,STANLY COUNTY,37167,2015,60621,11
NORTH CAROLINA,NC,STOKES COUNTY,37169,2008,47363,12
NORTH CAROLINA,NC,STOKES COUNTY,37169,2011,47128,14
NORTH CAROLINA,NC,STOKES COUNTY,37169,2015,46309,13
NORTH CAROLINA,NC,SURRY COUNTY,37171,2005,72562,12
NORTH CAROLINA,NC,SURRY COUNTY,37171,2006,72807,13
NORTH CAROLINA,NC,SURRY COUNTY,37171,2009,73505,14
NORTH CAROLINA,NC,SURRY COUNTY,37171,2010,73779,16
NORTH CAROLINA,NC,SURRY COUNTY,37171,2011,73499,14
NORTH CAROLINA,NC,SURRY COUNTY,37171,2012,73499,12
NORTH CAROLINA,NC,SURRY COUNTY,37171,2014,72637,13
NORTH CAROLINA,NC,SURRY COUNTY,37171,2015,72480,11
NORTH CAROLINA,NC,UNION COUNTY,37179,2005,160835,12
NORTH CAROLINA,NC,UNION COUNTY,37179,2006,172529,20
NORTH CAROLINA,NC,UNION COUNTY,37179,2008,193678,14
NORTH CAROLINA,NC,UNION COUNTY,37179,2010,202110,10
NORTH CAROLINA,NC,UNION COUNTY,37179,2013,208106,17
NORTH CAROLINA,NC,UNION COUNTY,37179,2014,212261,18
NORTH CAROLINA,NC,UNION COUNTY,37179,2015,217767,22
NORTH CAROLINA,NC,VANCE COUNTY,37181,2005,44136,10
NORTH CAROLINA,NC,VANCE COUNTY,37181,2012,45293,10
NORTH CAROLINA,NC,WAKE COUNTY,37183,2003,695746,41
NORTH CAROLINA,NC,WAKE COUNTY,37183,2004,716336,27
NORTH CAROLINA,NC,WAKE COUNTY,37183,2005,746048,59
NORTH CAROLINA,NC,WAKE COUNTY,37183,2006,784038,42
NORTH CAROLINA,NC,WAKE COUNTY,37183,2007,821607,57
NORTH CAROLINA,NC,WAKE COUNTY,37183,2008,856492,67
NORTH CAROLINA,NC,WAKE COUNTY,37183,2009,883624,50
NORTH CAROLINA,NC,WAKE COUNTY,37183,2010,906875,54
NORTH CAROLINA,NC,WAKE COUNTY,37183,2011,928905,58
NORTH CAROLINA,NC,WAKE COUNTY,37183,2012,928905,54
NORTH CAROLINA,NC,WAKE COUNTY,37183,2013,952266,69
NORTH CAROLINA,NC,WAKE COUNTY,37183,2014,974508,78
NORTH CAROLINA,NC,WAKE COUNTY,37183,2015,998221,75
NORTH CAROLINA,NC,WAYNE COUNTY,37191,2007,118942,10
NORTH CAROLINA,NC,WAYNE COUNTY,37191,2008,119910,11
NORTH CAROLINA,NC,WAYNE COUNTY,37191,2010,122891,10
NORTH CAROLINA,NC,WAYNE COUNTY,37191,2011,124055,15
NORTH CAROLINA,NC,WAYNE COUNTY,37191,2013,124587,11
NORTH CAROLINA,NC,WAYNE COUNTY,37191,2015,124634,11
NORTH CAROLINA,NC,WILKES COUNTY,37193,2003,67617,15
NORTH CAROLINA,NC,WILKES COUNTY,37193,2005,68104,16
NORTH CAROLINA,NC,WILKES COUNTY,37193,2006,68489,18
NORTH CAROLINA,NC,WILKES COUNTY,37193,2007,68966,18
NORTH CAROLINA,NC,WILKES COUNTY,37193,2008,69317,27
NORTH CAROLINA,NC,WILKES COUNTY,37193,2009,69258,30
NORTH CAROLINA,NC,WILKES COUNTY,37193,2010,69265,16
NORTH CAROLINA,NC,WILKES COUNTY,37193,2012,68949,15
NORTH CAROLINA,NC,WILKES COUNTY,37193,2013,68910,19
NORTH CAROLINA,NC,WILKES COUNTY,37193,2014,68610,28
NORTH CAROLINA,NC,WILKES COUNTY,37193,2015,68418,25
NORTH CAROLINA,NC,YADKIN COUNTY,37197,2014,38070,12
OREGON,OR,CLACKAMAS COUNTY,41005,2003,352032,18
OREGON,OR,CLACKAMAS COUNTY,41005,2004,355758,16
OREGON,OR,CLACKAMAS COUNTY,41005,2005,359308,23
OREGON,OR,CLACKAMAS COUNTY,41005,2006,363508,34
OREGON,OR,CLACKAMAS COUNTY,41005,2007,366808,32
OREGON,OR,CLACKAMAS COUNTY,41005,2008,371103,25
OREGON,OR,CLACKAMAS COUNTY,41005,2009,374085,32
OREGON,OR,CLACKAMAS COUNTY,41005,2010,376799,43
OREGON,OR,CLACKAMAS COUNTY,41005,2011,379640,34
OREGON,OR,CLACKAMAS COUNTY,41005,2012,379640,22
OREGON,OR,CLACKAMAS COUNTY,41005,2013,383159,38
OREGON,OR,CLACKAMAS COUNTY,41005,2014,387571,46
OREGON,OR,CLACKAMAS COUNTY,41005,2015,393544,26
OREGON,OR,CLATSOP COUNTY,41007,2011,37241,11
OREGON,OR,DESCHUTES COUNTY,41017,2008,156820,10
OREGON,OR,DESCHUTES COUNTY,41017,2010,157744,17
OREGON,OR,DESCHUTES COUNTY,41017,2011,159683,15
OREGON,OR,DESCHUTES COUNTY,41017,2013,161408,13
OREGON,OR,DESCHUTES COUNTY,41017,2014,165385,10
OREGON,OR,DOUGLAS COUNTY,41019,2003,102776,10
OREGON,OR,DOUGLAS COUNTY,41019,2015,106769,11
OREGON,OR,JACKSON COUNTY,41029,2003,189838,17
OREGON,OR,JACKSON COUNTY,41029,2004,192185,27
OREGON,OR,JACKSON COUNTY,41029,2005,194701,21
OREGON,OR,JACKSON COUNTY,41029,2006,196858,42
OREGON,OR,JACKSON COUNTY,41029,2007,199152,10
OREGON,OR,JACKSON COUNTY,41029,2008,201162,14
OREGON,OR,JACKSON COUNTY,41029,2009,202301,13
OREGON,OR,JACKSON COUNTY,41029,2010,203357,15
OREGON,OR,JACKSON COUNTY,41029,2011,204798,22
OREGON,OR,JACKSON COUNTY,41029,2012,204798,41
OREGON,OR,JACKSON COUNTY,41029,2013,205939,20
OREGON,OR,JACKSON COUNTY,41029,2014,207313,22
OREGON,OR,JACKSON COUNTY,41029,2015,209351,32
OREGON,OR,JOSEPHINE COUNTY,41033,2007,81746,13
OREGON,OR,JOSEPHINE COUNTY,41033,2014,83175,12
OREGON,OR,JOSEPHINE COUNTY,41033,2015,83435,11
OREGON,OR,KLAMATH COUNTY,41035,2015,65333,10
OREGON,OR,LANE COUNTY,41039,2003,330845,18
OREGON,OR,LANE COUNTY,41039,2004,332327,36
OREGON,OR,LANE COUNTY,41039,2005,335831,31
OREGON,OR,LANE COUNTY,41039,2006,339926,50
OREGON,OR,LANE COUNTY,41039,2007,344844,35
OREGON,OR,LANE COUNTY,41039,2008,348176,39
OREGON,OR,LANE COUNTY,41039,2009,350850,75
OREGON,OR,LANE COUNTY,41039,2010,351948,50
OREGON,OR,LANE COUNTY,41039,2011,354119,48
OREGON,OR,LANE COUNTY,41039,2012,354119,34
OREGON,OR,LANE COUNTY,41039,2013,355217,41
OREGON,OR,LANE COUNTY,41039,2014,355654,58
OREGON,OR,LANE COUNTY,41039,2015,358273,52
OREGON,OR,LINCOLN COUNTY,41041,2014,46351,12
OREGON,OR,LINN COUNTY,41043,2005,108132,10
OREGON,OR,LINN COUNTY,41043,2006,110764,10
OREGON,OR,LINN COUNTY,41043,2009,116001,12
OREGON,OR,LINN COUNTY,41043,2010,116887,12
OREGON,OR,LINN COUNTY,41043,2011,118175,17
OREGON,OR,LINN COUNTY,41043,2012,118175,11
OREGON,OR,LINN COUNTY,41043,2013,118293,14
OREGON,OR,LINN COUNTY,41043,2014,118439,23
OREGON,OR,LINN COUNTY,41043,2015,119095,10
OREGON,OR,MARION COUNTY,41047,2003,295317,10
OREGON,OR,MARION COUNTY,41047,2004,297139,23
OREGON,OR,MARION COUNTY,41047,2005,299461,11
OREGON,OR,MARION COUNTY,41047,2006,303290,23
OREGON,OR,MARION COUNTY,41047,2007,306964,29
OREGON,OR,MARION COUNTY,41047,2008,309729,19
OREGON,OR,MARION COUNTY,41047,2009,313389,29
OREGON,OR,MARION COUNTY,41047,2010,315948,42
OREGON,OR,MARION COUNTY,41047,2011,318053,24
OREGON,OR,MARION COUNTY,41047,2012,318053,41
OREGON,OR,MARION COUNTY,41047,2013,319865,12
OREGON,OR,MARION COUNTY,41047,2014,321491,11
OREGON,OR,MARION COUNTY,41047,2015,324473,26
OREGON,OR,MULTNOMAH COUNTY,41051,2003,679348,99
OREGON,OR,MULTNOMAH COUNTY,41051,2004,672526,107
OREGON,OR,MULTNOMAH COUNTY,41051,2005,674862,108
OREGON,OR,MULTNOMAH COUNTY,41051,2006,683767,130
OREGON,OR,MULTNOMAH COUNTY,41051,2007,697799,163
OREGON,OR,MULTNOMAH COUNTY,41051,2008,712989,135
OREGON,OR,MULTNOMAH COUNTY,41051,2009,727721,128
OREGON,OR,MULTNOMAH COUNTY,41051,2010,737320,121
OREGON,OR,MULTNOMAH COUNTY,41051,2011,749926,141
OREGON,OR,MULTNOMAH COUNTY,41051,2012,749926,121
OREGON,OR,MULTNOMAH COUNTY,41051,2013,760505,124
OREGON,OR,MULTNOMAH COUNTY,41051,2014,766977,121
OREGON,OR,MULTNOMAH COUNTY,41051,2015,779002,124
OREGON,OR,WASHINGTON COUNTY,41067,2003,474336,17
OREGON,OR,WASHINGTON COUNTY,41067,2004,480207,18
OREGON,OR,WASHINGTON COUNTY,41067,2005,490773,33
OREGON,OR,WASHINGTON COUNTY,41067,2006,502226,25
OREGON,OR,WASHINGTON COUNTY,41067,2007,508842,37
OREGON,OR,WASHINGTON COUNTY,41067,2008,515815,32
OREGON,OR,WASHINGTON COUNTY,41067,2009,524699,32
OREGON,OR,WASHINGTON COUNTY,41067,2010,531652,30
OREGON,OR,WASHINGTON COUNTY,41067,2011,541041,45
OREGON,OR,WASHINGTON COUNTY,41067,2012,541041,49
OREGON,OR,WASHINGTON COUNTY,41067,2013,548651,43
OREGON,OR,WASHINGTON COUNTY,41067,2014,555443,45
OREGON,OR,WASHINGTON COUNTY,41067,2015,562552,41
OREGON,OR,YAMHILL COUNTY,41071,2011,99708,10
OREGON,OR,YAMHILL COUNTY,41071,2015,100850,10
SOUTH CAROLINA,SC,AIKEN COUNTY,45003,2003,146793,10
SOUTH CAROLINA,SC,AIKEN COUNTY,45003,2004,148746,16
SOUTH CAROLINA,SC,AIKEN COUNTY,45003,2005,150152,13
SOUTH CAROLINA,SC,AIKEN COUNTY,45003,2006,152577,25
SOUTH CAROLINA,SC,AIKEN COUNTY,45003,2007,154814,19
SOUTH CAROLINA,SC,AIKEN COUNTY,45003,2008,156896,18
SOUTH CAROLINA,SC,AIKEN COUNTY,45003,2009,158499,21
SOUTH CAROLINA,SC,AIKEN COUNTY,45003,2010,160558,25
SOUTH CAROLINA,SC,AIKEN COUNTY,45003,2011,161628,22
SOUTH CAROLINA,SC,AIKEN COUNTY,45003,2012,161628,26
SOUTH CAROLINA,SC,AIKEN COUNTY,45003,2013,162982,27
SOUTH CAROLINA,SC,AIKEN COUNTY,45003,2014,163789,26
SOUTH CAROLINA,SC,AIKEN COUNTY,45003,2015,164333,30
SOUTH CAROLINA,SC,ANDERSON COUNTY,45007,2003,171862,12
SOUTH CAROLINA,SC,ANDERSON COUNTY,45007,2004,173539,18
SOUTH CAROLINA,SC,ANDERSON COUNTY,45007,2005,175467,19
SOUTH CAROLINA,SC,ANDERSON COUNTY,45007,2006,178579,18
SOUTH CAROLINA,SC,ANDERSON COUNTY,45007,2007,181543,25
SOUTH CAROLINA,SC,ANDERSON COUNTY,45007,2008,184520,29
SOUTH CAROLINA,SC,ANDERSON COUNTY,45007,2009,186544,41
SOUTH CAROLINA,SC,ANDERSON COUNTY,45007,2010,187095,33
SOUTH CAROLINA,SC,ANDERSON COUNTY,45007,2011,188183,32
SOUTH CAROLINA,SC,ANDERSON COUNTY,45007,2012,188183,28
SOUTH CAROLINA,SC,ANDERSON COUNTY,45007,2013,188860,36
SOUTH CAROLINA,SC,ANDERSON COUNTY,45007,2014,190070,35
SOUTH CAROLINA,SC,ANDERSON COUNTY,45007,2015,191872,39
SOUTH CAROLINA,SC,BEAUFORT COUNTY,45013,2010,162843,11
SOUTH CAROLINA,SC,BEAUFORT COUNTY,45013,2011,163864,13
SOUTH CAROLINA,SC,BEAUFORT COUNTY,45013,2013,167423,11
SOUTH CAROLINA,SC,BEAUFORT COUNTY,45013,2014,171095,10
SOUTH CAROLINA,SC,BERKELEY COUNTY,45015,2004,151789,10
SOUTH CAROLINA,SC,BERKELEY COUNTY,45015,2005,153489,13
SOUTH CAROLINA,SC,BERKELEY COUNTY,45015,2006,159501,12
SOUTH CAROLINA,SC,BERKELEY COUNTY,45015,2007,164913,11
SOUTH CAROLINA,SC,BERKELEY COUNTY,45015,2008,171099,15
SOUTH CAROLINA,SC,BERKELEY COUNTY,45015,2009,175092,11
SOUTH CAROLINA,SC,BERKELEY COUNTY,45015,2010,179492,22
SOUTH CAROLINA,SC,BERKELEY COUNTY,45015,2011,183833,16
SOUTH CAROLINA,SC,BERKELEY COUNTY,45015,2012,183833,19
SOUTH CAROLINA,SC,BERKELEY COUNTY,45015,2013,189696,25
SOUTH CAROLINA,SC,BERKELEY COUNTY,45015,2014,194171,23
SOUTH CAROLINA,SC,BERKELEY COUNTY,45015,2015,198485,25
SOUTH CAROLINA,SC,CHARLESTON COUNTY,45019,2003,321222,16
SOUTH CAROLINA,SC,CHARLESTON COUNTY,45019,2004,328105,28
SOUTH CAROLINA,SC,CHARLESTON COUNTY,45019,2005,331589,24
SOUTH CAROLINA,SC,CHARLESTON COUNTY,45019,2006,334826,27
SOUTH CAROLINA,SC,CHARLESTON COUNTY,45019,2007,337147,44
SOUTH CAROLINA,SC,CHARLESTON COUNTY,45019,2008,341921,41
SOUTH CAROLINA,SC,CHARLESTON COUNTY,45019,2009,346795,39
SOUTH CAROLINA,SC,CHARLESTON COUNTY,45019,2010,350998,54
SOUTH CAROLINA,SC,CHARLESTON COUNTY,45019,2011,357461,42
SOUTH CAROLINA,SC,CHARLESTON COUNTY,45019,2012,357461,30
SOUTH CAROLINA,SC,CHARLESTON COUNTY,45019,2013,364913,37
SOUTH CAROLINA,SC,CHARLESTON COUNTY,45019,2014,372065,47
SOUTH CAROLINA,SC,CHARLESTON COUNTY,45019,2015,380239,59
SOUTH CAROLINA,SC,CHEROKEE COUNTY,45021,2012,55706,12
SOUTH CAROLINA,SC,DARLINGTON COUNTY,45031,2013,68053,12
SOUTH CAROLINA,SC,DORCHESTER COUNTY,45035,2008,130593,14
SOUTH CAROLINA,SC,DORCHESTER COUNTY,45035,2012,140155,15
SOUTH CAROLINA,SC,DORCHESTER COUNTY,45035,2013,142645,14
SOUTH CAROLINA,SC,DORCHESTER COUNTY,45035,2014,145614,10
SOUTH CAROLINA,SC,DORCHESTER COUNTY,45035,2015,148854,27
SOUTH CAROLINA,SC,FLORENCE COUNTY,45041,2006,132489,16
SOUTH CAROLINA,SC,FLORENCE COUNTY,45041,2010,137161,16
SOUTH CAROLINA,SC,FLORENCE COUNTY,45041,2011,137670,10
SOUTH CAROLINA,SC,FLORENCE COUNTY,45041,2013,138031,20
SOUTH CAROLINA,SC,FLORENCE COUNTY,45041,2014,138230,20
SOUTH CAROLINA,SC,FLORENCE COUNTY,45041,2015,138837,15
SOUTH CAROLINA,SC,GEORGETOWN COUNTY,45043,2007,60277,14
SOUTH CAROLINA,SC,GEORGETOWN COUNTY,45043,2014,60503,10
SOUTH CAROLINA,SC,GEORGETOWN COUNTY,45043,2015,60866,10
SOUTH CAROLINA,SC,GREENVILLE COUNTY,45045,2003,394242,32
SOUTH CAROLINA,SC,GREENVILLE COUNTY,45045,2004,399319,28
SOUTH CAROLINA,SC,GREENVILLE COUNTY,45045,2005,405608,63
SOUTH CAROLINA,SC,GREENVILLE COUNTY,45045,2006,415957,75
SOUTH CAROLINA,SC,GREENVILLE COUNTY,45045,2007,427970,79
SOUTH CAROLINA,SC,GREENVILLE COUNTY,45045,2008,438742,79
SOUTH CAROLINA,SC,GREENVILLE COUNTY,45045,2009,446655,70
SOUTH CAROLINA,SC,GREENVILLE COUNTY,45045,2010,452688,77
SOUTH CAROLINA,SC,GREENVILLE COUNTY,45045,2011,458972,71
SOUTH CAROLINA,SC,GREENVILLE COUNTY,45045,2012,458972,73
SOUTH CAROLINA,SC,GREENVILLE COUNTY,45045,2013,466172,68
SOUTH CAROLINA,SC,GREENVILLE COUNTY,45045,2014,473196,81
SOUTH CAROLINA,SC,GREENVILLE COUNTY,45045,2015,481737,100
SOUTH CAROLINA,SC,GREENWOOD COUNTY,45047,2008,68862,10
SOUTH CAROLINA,SC,GREENWOOD COUNTY,45047,2014,69835,10
SOUTH CAROLINA,SC,HORRY COUNTY,45051,2003,211725,36
SOUTH CAROLINA,SC,HORRY COUNTY,45051,2004,219094,27
SOUTH CAROLINA,SC,HORRY COUNTY,45051,2005,229899,28
SOUTH CAROLINA,SC,HORRY COUNTY,45051,2006,242194,33
SOUTH CAROLINA,SC,HORRY COUNTY,45051,2007,252464,29
SOUTH CAROLINA,SC,HORRY COUNTY,45051,2008,260609,35
SOUTH CAROLINA,SC,HORRY COUNTY,45051,2009,265640,37
SOUTH CAROLINA,SC,HORRY COUNTY,45051,2010,270295,39
SOUTH CAROLINA,SC,HORRY COUNTY,45051,2011,275545,25
SOUTH CAROLINA,SC,HORRY COUNTY,45051,2012,275545,31
SOUTH CAROLINA,SC,HORRY COUNTY,45051,2013,281441,33
SOUTH CAROLINA,SC,HORRY COUNTY,45051,2014,289005,55
SOUTH CAROLINA,SC,HORRY COUNTY,45051,2015,298042,46
SOUTH CAROLINA,SC,LANCASTER COUNTY,45057,2010,76976,15
SOUTH CAROLINA,SC,LANCASTER COUNTY,45057,2011,77872,11
SOUTH CAROLINA,SC,LANCASTER COUNTY,45057,2013,79350,11
SOUTH CAROLINA,SC,LAURENS COUNTY,45059,2005,67629,13
SOUTH CAROLINA,SC,LAURENS COUNTY,45059,2008,67173,13
SOUTH CAROLINA,SC,LAURENS COUNTY,45059,2010,66519,12
SOUTH CAROLINA,SC,LAURENS COUNTY,45059,2013,66239,17
SOUTH CAROLINA,SC,LAURENS COUNTY,45059,2015,66490,10
SOUTH CAROLINA,SC,LEXINGTON COUNTY,45063,2003,226887,12
SOUTH CAROLINA,SC,LEXINGTON COUNTY,45063,2004,230832,10
SOUTH CAROLINA,SC,LEXINGTON COUNTY,45063,2005,235176,15
SOUTH CAROLINA,SC,LEXINGTON COUNTY,45063,2006,241219,29
SOUTH CAROLINA,SC,LEXINGTON COUNTY,45063,2007,246461,26
SOUTH CAROLINA,SC,LEXINGTON COUNTY,45063,2008,252747,15
SOUTH CAROLINA,SC,LEXINGTON COUNTY,45063,2009,258983,22
SOUTH CAROLINA,SC,LEXINGTON COUNTY,45063,2010,263365,36
SOUTH CAROLINA,SC,LEXINGTON COUNTY,45063,2011,266409,38
SOUTH CAROLINA,SC,LEXINGTON COUNTY,45063,2012,266409,31
SOUTH CAROLINA,SC,LEXINGTON COUNTY,45063,2013,269868,47
SOUTH CAROLINA,SC,LEXINGTON COUNTY,45063,2014,273363,47
SOUTH CAROLINA,SC,LEXINGTON COUNTY,45063,2015,277568,44
SOUTH CAROLINA,SC,OCONEE COUNTY,45073,2004,69615,10
SOUTH CAROLINA,SC,OCONEE COUNTY,45073,2005,70581,11
SOUTH CAROLINA,SC,OCONEE COUNTY,45073,2006,71490,14
SOUTH CAROLINA,SC,OCONEE COUNTY,45073,2007,72407,17
SOUTH CAROLINA,SC,OCONEE COUNTY,45073,2008,73089,20
SOUTH CAROLINA,SC,OCONEE COUNTY,45073,2009,73829,15
SOUTH CAROLINA,SC,OCONEE COUNTY,45073,2010,74349,16
SOUTH CAROLINA,SC,OCONEE COUNTY,45073,2011,74265,21
SOUTH CAROLINA,SC,OCONEE COUNTY,45073,2012,74265,20
SOUTH CAROLINA,SC,OCONEE COUNTY,45073,2013,74574,12
SOUTH CAROLINA,SC,OCONEE COUNTY,45073,2014,74962,20
SOUTH CAROLINA,SC,OCONEE COUNTY,45073,2015,75254,19
SOUTH CAROLINA,SC,PICKENS COUNTY,45077,2004,113554,15
SOUTH CAROLINA,SC,PICKENS COUNTY,45077,2005,114344,17
SOUTH CAROLINA,SC,PICKENS COUNTY,45077,2006,115570,25
SOUTH CAROLINA,SC,PICKENS COUNTY,45077,2007,116815,18
SOUTH CAROLINA,SC,PICKENS COUNTY,45077,2008,118330,16
SOUTH CAROLINA,SC,PICKENS COUNTY,45077,2009,119183,30
SOUTH CAROLINA,SC,PICKENS COUNTY,45077,2010,119344,28
SOUTH CAROLINA,SC,PICKENS COUNTY,45077,2011,119735,26
SOUTH CAROLINA,SC,PICKENS COUNTY,45077,2012,119735,32
SOUTH CAROLINA,SC,PICKENS COUNTY,45077,2013,119863,30
SOUTH CAROLINA,SC,PICKENS COUNTY,45077,2014,119333,33
SOUTH CAROLINA,SC,PICKENS COUNTY,45077,2015,120651,29
SOUTH CAROLINA,SC,RICHLAND COUNTY,45079,2003,336273,26
SOUTH CAROLINA,SC,RICHLAND COUNTY,45079,2004,345750,14
SOUTH CAROLINA,SC,RICHLAND COUNTY,45079,2005,349003,24
SOUTH CAROLINA,SC,RICHLAND COUNTY,45079,2006,357096,28
SOUTH CAROLINA,SC,RICHLAND COUNTY,45079,2007,366111,20
SOUTH CAROLINA,SC,RICHLAND COUNTY,45079,2008,373789,27
SOUTH CAROLINA,SC,RICHLAND COUNTY,45079,2009,380245,30
SOUTH CAROLINA,SC,RICHLAND COUNTY,45079,2010,385754,45
SOUTH CAROLINA,SC,RICHLAND COUNTY,45079,2011,389333,36
SOUTH CAROLINA,SC,RICHLAND COUNTY,45079,2012,389333,32
SOUTH CAROLINA,SC,RICHLAND COUNTY,45079,2013,393205,26
SOUTH CAROLINA,SC,RICHLAND COUNTY,45079,2014,397015,48
SOUTH CAROLINA,SC,RICHLAND COUNTY,45079,2015,400688,35
SOUTH CAROLINA,SC,SPARTANBURG COUNTY,45083,2003,260223,21
SOUTH CAROLINA,SC,SPARTANBURG COUNTY,45083,2004,261828,38
SOUTH CAROLINA,SC,SPARTANBURG COUNTY,45083,2005,264481,44
SOUTH CAROLINA,SC,SPARTANBURG COUNTY,45083,2006,268898,55
SOUTH CAROLINA,SC,SPARTANBURG COUNTY,45083,2007,274215,35
SOUTH CAROLINA,SC,SPARTANBURG COUNTY,45083,2008,279673,61
SOUTH CAROLINA,SC,SPARTANBURG COUNTY,45083,2009,283335,69
SOUTH CAROLINA,SC,SPARTANBURG COUNTY,45083,2010,284769,46
SOUTH CAROLINA,SC,SPARTANBURG COUNTY,45083,2011,286180,58
SOUTH CAROLINA,SC,SPARTANBURG COUNTY,45083,2012,286180,29
SOUTH CAROLINA,SC,SPARTANBURG COUNTY,45083,2013,288283,35
SOUTH CAROLINA,SC,SPARTANBURG COUNTY,45083,2014,290545,42
SOUTH CAROLINA,SC,SPARTANBURG COUNTY,45083,2015,293146,51
SOUTH CAROLINA,SC,YORK COUNTY,45091,2003,177138,10
SOUTH CAROLINA,SC,YORK COUNTY,45091,2004,181839,11
SOUTH CAROLINA,SC,YORK COUNTY,45091,2005,188117,23
SOUTH CAROLINA,SC,YORK COUNTY,45091,2006,197892,15
SOUTH CAROLINA,SC,YORK COUNTY,45091,2007,208640,16
SOUTH CAROLINA,SC,YORK COUNTY,45091,2008,217463,25
SOUTH CAROLINA,SC,YORK COUNTY,45091,2009,223616,26
SOUTH CAROLINA,SC,YORK COUNTY,45091,2010,226871,24
SOUTH CAROLINA,SC,YORK COUNTY,45091,2011,230131,22
SOUTH CAROLINA,SC,YORK COUNTY,45091,2012,230131,28
SOUTH CAROLINA,SC,YORK COUNTY,45091,2013,234151,31
SOUTH CAROLINA,SC,YORK COUNTY,45091,2014,238736,32
SOUTH CAROLINA,SC,YORK COUNTY,45091,2015,244661,38
WASHINGTON,WA,BENTON COUNTY,53005,2003,153596,10
WASHINGTON,WA,BENTON COUNTY,53005,2004,155689,12
WASHINGTON,WA,BENTON COUNTY,53005,2005,157726,13
WASHINGTON,WA,BENTON COUNTY,53005,2006,159564,16
WASHINGTON,WA,BENTON COUNTY,53005,2007,161669,17
WASHINGTON,WA,BENTON COUNTY,53005,2008,166573,10
WASHINGTON,WA,BENTON COUNTY,53005,2009,171122,17
WASHINGTON,WA,BENTON COUNTY,53005,2010,176467,10
WASHINGTON,WA,BENTON COUNTY,53005,2011,180449,16
WASHINGTON,WA,BENTON COUNTY,53005,2012,180449,16
WASHINGTON,WA,BENTON COUNTY,53005,2013,182400,18
WASHINGTON,WA,BENTON COUNTY,53005,2014,184362,20
WASHINGTON,WA,BENTON COUNTY,53005,2015,186535,28
WASHINGTON,WA,CHELAN COUNTY,53007,2010,72747,11
WASHINGTON,WA,CHELAN COUNTY,53007,2011,73213,10
WASHINGTON,WA,CLALLAM COUNTY,53009,2004,67411,11
WASHINGTON,WA,CLALLAM COUNTY,53009,2005,68720,10
WASHINGTON,WA,CLALLAM COUNTY,53009,2006,69642,15
WASHINGTON,WA,CLALLAM COUNTY,53009,2007,70186,19
WASHINGTON,WA,CLALLAM COUNTY,53009,2008,70769,17
WASHINGTON,WA,CLALLAM COUNTY,53009,2009,71077,13
WASHINGTON,WA,CLALLAM COUNTY,53009,2010,71505,11
WASHINGTON,WA,CLALLAM COUNTY,53009,2012,71778,12
WASHINGTON,WA,CLALLAM COUNTY,53009,2013,71791,15
WASHINGTON,WA,CLALLAM COUNTY,53009,2015,72518,12
WASHINGTON,WA,CLARK COUNTY,53011,2003,374098,40
WASHINGTON,WA,CLARK COUNTY,53011,2004,384931,27
WASHINGTON,WA,CLARK COUNTY,53011,2005,394277,40
WASHINGTON,WA,CLARK COUNTY,53011,2006,401698,48
WASHINGTON,WA,CLARK COUNTY,53011,2007,408820,55
WASHINGTON,WA,CLARK COUNTY,53011,2008,415282,61
WASHINGTON,WA,CLARK COUNTY,53011,2009,421236,59
WASHINGTON,WA,CLARK COUNTY,53011,2010,426733,50
WASHINGTON,WA,CLARK COUNTY,53011,2011,432388,55
WASHINGTON,WA,CLARK COUNTY,53011,2012,432388,62
WASHINGTON,WA,CLARK COUNTY,53011,2013,436532,57
WASHINGTON,WA,CLARK COUNTY,53011,2014,441591,59
WASHINGTON,WA,CLARK COUNTY,53011,2015,448505,59
WASHINGTON,WA,COWLITZ COUNTY,53015,2004,95541,17
WASHINGTON,WA,COWLITZ COUNTY,53015,2005,96536,24
WASHINGTON,WA,COWLITZ COUNTY,53015,2006,99162,20
WASHINGTON,WA,COWLITZ COUNTY,53015,2007,100744,15
WASHINGTON,WA,COWLITZ COUNTY,53015,2008,101688,20
WASHINGTON,WA,COWLITZ COUNTY,53015,2009,102126,18
WASHINGTON,WA,COWLITZ COUNTY,53015,2010,102358,14
WASHINGTON,WA,COWLITZ COUNTY,53015,2011,102313,27
WASHINGTON,WA,COWLITZ COUNTY,53015,2012,102313,23
WASHINGTON,WA,COWLITZ COUNTY,53015,2013,101669,21
WASHINGTON,WA,COWLITZ COUNTY,53015,2014,101497,21
WASHINGTON,WA,COWLITZ COUNTY,53015,2015,101811,15
WASHINGTON,WA,GRANT COUNTY,53025,2004,78734,14
WASHINGTON,WA,GRANT COUNTY,53025,2005,79531,13
WASHINGTON,WA,GRANT COUNTY,53025,2006,81036,11
WASHINGTON,WA,GRANT COUNTY,53025,2007,82645,11
WASHINGTON,WA,GRANT COUNTY,53025,2008,84944,11
WASHINGTON,WA,GRANT COUNTY,53025,2009,87340,17
WASHINGTON,WA,GRANT COUNTY,53025,2015,92898,11
WASHINGTON,WA,GRAYS HARBOR COUNTY,53027,2004,69775,17
WASHINGTON,WA,GRAYS HARBOR COUNTY,53027,2008,72027,12
WASHINGTON,WA,GRAYS HARBOR COUNTY,53027,2009,72468,16
WASHINGTON,WA,GRAYS HARBOR COUNTY,53027,2011,72374,10
WASHINGTON,WA,GRAYS HARBOR COUNTY,53027,2012,72374,11
WASHINGTON,WA,GRAYS HARBOR COUNTY,53027,2013,71785,12
WASHINGTON,WA,GRAYS HARBOR COUNTY,53027,2014,71059,15
WASHINGTON,WA,GRAYS HARBOR COUNTY,53027,2015,70796,15
WASHINGTON,WA,ISLAND COUNTY,53029,2012,78970,10
WASHINGTON,WA,ISLAND COUNTY,53029,2014,78266,13
WASHINGTON,WA,ISLAND COUNTY,53029,2015,78777,11
WASHINGTON,WA,KING COUNTY,53033,2003,1763440,190
WASHINGTON,WA,KING COUNTY,53033,2004,1775297,234
WASHINGTON,WA,KING COUNTY,53033,2005,1795268,226
WASHINGTON,WA,KING COUNTY,53033,2006,1822967,259
WASHINGTON,WA,KING COUNTY,53033,2007,1847986,258
WASHINGTON,WA,KING COUNTY,53033,2008,1875020,245
WASHINGTON,WA,KING COUNTY,53033,2009,1912012,231
WASHINGTON,WA,KING COUNTY,53033,2010,1938431,238
WASHINGTON,WA,KING COUNTY,53033,2011,1974499,236
WASHINGTON,WA,KING COUNTY,53033,2012,1974499,261
WASHINGTON,WA,KING COUNTY,53033,2013,2011708,276
WASHINGTON,WA,KING COUNTY,53033,2014,2047967,293
WASHINGTON,WA,KING COUNTY,53033,2015,2086174,285
WASHINGTON,WA,KITSAP COUNTY,53035,2003,239758,23
WASHINGTON,WA,KITSAP COUNTY,53035,2004,241960,16
WASHINGTON,WA,KITSAP COUNTY,53035,2005,239806,16
WASHINGTON,WA,KITSAP COUNTY,53035,2006,245054,14
WASHINGTON,WA,KITSAP COUNTY,53035,2007,244105,23
WASHINGTON,WA,KITSAP COUNTY,53035,2008,246912,25
WASHINGTON,WA,KITSAP COUNTY,53035,2009,248800,24
WASHINGTON,WA,KITSAP COUNTY,53035,2010,251696,19
WASHINGTON,WA,KITSAP COUNTY,53035,2011,254351,25
WASHINGTON,WA,KITSAP COUNTY,53035,2012,254351,20
WASHINGTON,WA,KITSAP COUNTY,53035,2013,254414,16
WASHINGTON,WA,KITSAP COUNTY,53035,2014,252538,20
WASHINGTON,WA,KITSAP COUNTY,53035,2015,253568,29
WASHINGTON,WA,LEWIS COUNTY,53041,2005,72060,13
WASHINGTON,WA,LEWIS COUNTY,53041,2007,74229,12
WASHINGTON,WA,LEWIS COUNTY,53041,2008,74899,11
WASHINGTON,WA,LEWIS COUNTY,53041,2009,75316,11
WASHINGTON,WA,LEWIS COUNTY,53041,2010,75503,11
WASHINGTON,WA,LEWIS COUNTY,53041,2011,75674,17
WASHINGTON,WA,LEWIS COUNTY,53041,2014,74994,10
WASHINGTON,WA,MASON COUNTY,53045,2012,60882,14
WASHINGTON,WA,MASON COUNTY,53045,2013,60689,10
WASHINGTON,WA,MASON COUNTY,53045,2015,60613,10
WASHINGTON,WA,PIERCE COUNTY,53053,2003,733969,87
WASHINGTON,WA,PIERCE COUNTY,53053,2004,740137,72
WASHINGTON,WA,PIERCE COUNTY,53053,2005,748148,85
WASHINGTON,WA,PIERCE COUNTY,53053,2006,763408,68
WASHINGTON,WA,PIERCE COUNTY,53053,2007,772484,125
WASHINGTON,WA,PIERCE COUNTY,53053,2008,785400,129
WASHINGTON,WA,PIERCE COUNTY,53053,2009,796483,102
WASHINGTON,WA,PIERCE COUNTY,53053,2010,795402,113
WASHINGTON,WA,PIERCE COUNTY,53053,2011,807728,128
WASHINGTON,WA,PIERCE COUNTY,53053,2012,807728,109
WASHINGTON,WA,PIERCE COUNTY,53053,2013,815772,122
WASHINGTON,WA,PIERCE COUNTY,53053,2014,821307,124
WASHINGTON,WA,PIERCE COUNTY,53053,2015,833106,140
WASHINGTON,WA,SKAGIT COUNTY,53057,2003,107369,12
WASHINGTON,WA,SKAGIT COUNTY,53057,2004,109030,13
WASHINGTON,WA,SKAGIT COUNTY,53057,2005,110683,15
WASHINGTON,WA,SKAGIT COUNTY,53057,2006,112621,16
WASHINGTON,WA,SKAGIT COUNTY,53057,2007,114066,12
WASHINGTON,WA,SKAGIT COUNTY,53057,2008,115808,10
WASHINGTON,WA,SKAGIT COUNTY,53057,2009,116557,20
WASHINGTON,WA,SKAGIT COUNTY,53057,2010,116939,16
WASHINGTON,WA,SKAGIT COUNTY,53057,2011,117578,15
WASHINGTON,WA,SKAGIT COUNTY,53057,2012,117578,17
WASHINGTON,WA,SKAGIT COUNTY,53057,2013,117716,23
WASHINGTON,WA,SKAGIT COUNTY,53057,2014,118270,10
WASHINGTON,WA,SKAGIT COUNTY,53057,2015,119990,18
WASHINGTON,WA,SNOHOMISH COUNTY,53061,2003,635612,76
WASHINGTON,WA,SNOHOMISH COUNTY,53061,2004,643533,100
WASHINGTON,WA,SNOHOMISH COUNTY,53061,2005,654849,94
WASHINGTON,WA,SNOHOMISH COUNTY,53061,2006,670706,97
WASHINGTON,WA,SNOHOMISH COUNTY,53061,2007,683997,107
WASHINGTON,WA,SNOHOMISH COUNTY,53061,2008,694622,109
WASHINGTON,WA,SNOHOMISH COUNTY,53061,2009,706302,125
WASHINGTON,WA,SNOHOMISH COUNTY,53061,2010,715522,108
WASHINGTON,WA,SNOHOMISH COUNTY,53061,2011,722149,168
WASHINGTON,WA,SNOHOMISH COUNTY,53061,2012,722149,131
WASHINGTON,WA,SNOHOMISH COUNTY,53061,2013,732239,126
WASHINGTON,WA,SNOHOMISH COUNTY,53061,2014,744322,124
WASHINGTON,WA,SNOHOMISH COUNTY,53061,2015,757485,127
WASHINGTON,WA,SPOKANE COUNTY,53063,2003,430710,74
WASHINGTON,WA,SPOKANE COUNTY,53063,2004,435268,78
WASHINGTON,WA,SPOKANE COUNTY,53063,2005,440439,91
WASHINGTON,WA,SPOKANE COUNTY,53063,2006,447517,99
WASHINGTON,WA,SPOKANE COUNTY,53063,2007,456150,104
WASHINGTON,WA,SPOKANE COUNTY,53063,2008,462263,126
WASHINGTON,WA,SPOKANE COUNTY,53063,2009,468235,74
WASHINGTON,WA,SPOKANE COUNTY,53063,2010,472102,75
WASHINGTON,WA,SPOKANE COUNTY,53063,2011,473516,73
WASHINGTON,WA,SPOKANE COUNTY,53063,2012,473516,84
WASHINGTON,WA,SPOKANE COUNTY,53063,2013,475605,63
WASHINGTON,WA,SPOKANE COUNTY,53063,2014,478553,50
WASHINGTON,WA,SPOKANE COUNTY,53063,2015,483148,92
WASHINGTON,WA,STEVENS COUNTY,53065,2006,42366,13
WASHINGTON,WA,STEVENS COUNTY,53065,2008,43398,11
WASHINGTON,WA,THURSTON COUNTY,53067,2003,219499,17
WASHINGTON,WA,THURSTON COUNTY,53067,2004,222985,20
WASHINGTON,WA,THURSTON COUNTY,53067,2005,227023,23
WASHINGTON,WA,THURSTON COUNTY,53067,2006,232688,20
WASHINGTON,WA,THURSTON COUNTY,53067,2007,237772,20
WASHINGTON,WA,THURSTON COUNTY,53067,2008,244332,19
WASHINGTON,WA,THURSTON COUNTY,53067,2009,249936,28
WASHINGTON,WA,THURSTON COUNTY,53067,2010,253011,22
WASHINGTON,WA,THURSTON COUNTY,53067,2011,256439,27
WASHINGTON,WA,THURSTON COUNTY,53067,2012,256439,25
WASHINGTON,WA,THURSTON COUNTY,53067,2013,258613,25
WASHINGTON,WA,THURSTON COUNTY,53067,2014,261976,20
WASHINGTON,WA,THURSTON COUNTY,53067,2015,265071,26
WASHINGTON,WA,WALLA WALLA COUNTY,53071,2014,59387,13
WASHINGTON,WA,WHATCOM COUNTY,53073,2003,177851,14
WASHINGTON,WA,WHATCOM COUNTY,53073,2004,181756,12
WASHINGTON,WA,WHATCOM COUNTY,53073,2005,185450,16
WASHINGTON,WA,WHATCOM COUNTY,53073,2006,188926,22
WASHINGTON,WA,WHATCOM COUNTY,53073,2007,192837,12
WASHINGTON,WA,WHATCOM COUNTY,53073,2008,196708,17
WASHINGTON,WA,WHATCOM COUNTY,53073,2009,199865,18
WASHINGTON,WA,WHATCOM COUNTY,53073,2010,201549,14
WASHINGTON,WA,WHATCOM COUNTY,53073,2011,203503,19
WASHINGTON,WA,WHATCOM COUNTY,53073,2012,203503,13
WASHINGTON,WA,WHATCOM COUNTY,53073,2013,204902,13
WASHINGTON,WA,WHATCOM COUNTY,53073,2014,206139,14
WASHINGTON,WA,WHATCOM COUNTY,53073,2015,208240,23
WASHINGTON,WA,YAKIMA COUNTY,53077,2003,225161,10
WASHINGTON,WA,YAKIMA COUNTY,53077,2004,227280,19
WASHINGTON,WA,YAKIMA COUNTY,53077,2005,228570,11
WASHINGTON,WA,YAKIMA COUNTY,53077,2006,230617,12
WASHINGTON,WA,YAKIMA COUNTY,53077,2007,232733,24
WASHINGTON,WA,YAKIMA COUNTY,53077,2008,235272,10
WASHINGTON,WA,YAKIMA COUNTY,53077,2009,239604,17
WASHINGTON,WA,YAKIMA COUNTY,53077,2010,244249,24
WASHINGTON,WA,YAKIMA COUNTY,53077,2011,245899,14
WASHINGTON,WA,YAKIMA COUNTY,53077,2012,245899,25
WASHINGTON,WA,YAKIMA COUNTY,53077,2013,246064,14
WASHINGTON,WA,YAKIMA COUNTY,53077,2014,246395,23
WASHINGTON,WA,YAKIMA COUNTY,53077,2015,246748,26
